1	A	1	blank
1	A	2	YAL068C
1	A	3	YAL067C
1	A	4	wild-type
1	A	5	YAL066W
1	A	6	YAL065C
1	A	7	YAL062W
1	A	8	YAL061W
1	A	9	YAL060W
1	A	10	YAL059W
1	A	11	YAL058W
1	A	12	YAL056W
1	B	1	YAL055W
1	B	2	YAL053W
1	B	3	YAL051W
1	B	4	YAL048C
1	B	5	YAL046C
1	B	6	YAL045C
1	B	7	YAL044C
1	B	8	YAL042W
1	B	9	YAL043C-a
1	B	10	wild-type
1	B	11	YAL040C
1	B	12	YAL039C
1	C	1	YAL037W
1	C	2	YAL036C
1	C	3	YAL035W
1	C	4	YAL034C
1	C	5	YAL031C
1	C	6	YAL030W
1	C	7	YAL029C
1	C	8	wild-type
1	C	9	YAL028W
1	C	10	YAL027W
1	C	11	YAL026C
1	C	12	wild-type
1	D	1	YAL023C
1	D	2	wild-type
1	D	3	YAL022C
1	D	4	YAL020C
1	D	5	wild-type
1	D	6	YAL019W
1	D	7	YAL018C
1	D	8	YAL017W
1	D	9	YAL015C
1	D	10	YAL014C
1	D	11	YAL013W
1	D	12	YAL011W
1	E	1	wild-type
1	E	2	YAL010C
1	E	3	YAL009W
1	E	4	YAL008W
1	E	5	YAL007C
1	E	6	YAL004W
1	E	7	YAL005C
1	E	8	YAL002W
1	E	9	YAR018C
1	E	10	YAR020C
1	E	11	YAR023C
1	E	12	YAR027W
1	F	1	YAR028W
1	F	2	YAR029W
1	F	3	wild-type
1	F	4	YAR031W
1	F	5	YAR043C
1	F	6	YAR044W
1	F	7	wild-type
1	F	8	YAR047C
1	F	9	YLL001W
1	F	10	YLL005C
1	F	11	YLL006W
1	F	12	YLL012W
1	G	1	YLL013C
1	G	2	YLL014W
1	G	3	YLL015W
1	G	4	YLL016W
1	G	5	YLL017W
1	G	6	YLL019C
1	G	7	YLL020C
1	G	8	YLL021W
1	G	9	YLL024C
1	G	10	YLL025W
1	G	11	wild-type
1	G	12	YLL026W
1	H	1	YLL028W
1	H	2	blank
1	H	3	YLL029W
1	H	4	YLL032C
1	H	5	YLL033W
1	H	6	wild-type
1	H	7	YLL038C
1	H	8	blank
1	H	9	wild-type
1	H	10	YLL040C
1	H	11	YLL042C
1	H	12	YLL045C
2	A	1	YLL046C
2	A	2	blank
2	A	3	YLL047W
2	A	4	wild-type
2	A	5	YLL051C
2	A	6	YLL052C
2	A	7	YLL053C
2	A	8	YLL054C
2	A	9	YLL055W
2	A	10	YLL058W
2	A	11	YLL060C
2	A	12	YLL061W
2	B	1	YLL062C
2	B	2	YLL063C
2	B	3	YLR001C
2	B	4	YLR003C
2	B	5	YLR004C
2	B	6	YLR011W
2	B	7	YLR017W
2	B	8	YLR018C
2	B	9	YLR019W
2	B	10	wild-type
2	B	11	YLR020C
2	B	12	YLR023C
2	C	1	YLR024C
2	C	2	YLR025W
2	C	3	YLR043C
2	C	4	YLR044C
2	C	5	YLR046C
2	C	6	YLR047C
2	C	7	YLR048W
2	C	8	wild-type
2	C	9	YLR049C
2	C	10	YLR053C
2	C	11	YLR055C
2	C	12	wild-type
2	D	1	YLR056W
2	D	2	wild-type
2	D	3	YLR061W
2	D	4	YLR062C
2	D	5	wild-type
2	D	6	YLR063W
2	D	7	YLR064W
2	D	8	YLR065C
2	D	9	YLR067C
2	D	10	YLR068W
2	D	11	YLR069C
2	D	12	YLR070C
2	E	1	wild-type
2	E	2	YLR072W
2	E	3	YLR073C
2	E	4	YLR077W
2	E	5	YLR079W
2	E	6	YLR080W
2	E	7	YLR081W
2	E	8	YLR082C
2	E	9	YLR083C
2	E	10	YLR085C
2	E	11	YLR092W
2	E	12	YLR093C
2	F	1	YLR094C
2	F	2	YLR095C
2	F	3	wild-type
2	F	4	YLR096W
2	F	5	YLR097C
2	F	6	YLR098C
2	F	7	wild-type
2	F	8	YLR099C
2	F	9	YLR107W
2	F	10	YLR108C
2	F	11	YLR109W
2	F	12	YLR111W
2	G	1	YLR112W
2	G	2	YLR113W
2	G	3	YLR114C
2	G	4	YLR119W
2	G	5	YLR120C
2	G	6	YLR121C
2	G	7	YLR122C
2	G	8	YLR123C
2	G	9	YLR124W
2	G	10	YML089C
2	G	11	wild-type
2	G	12	YML088W
2	H	1	YML087C
2	H	2	blank
2	H	3	blank
2	H	4	YML084W
2	H	5	YML083C
2	H	6	wild-type
2	H	7	YML082W
2	H	8	YML081W
2	H	9	wild-type
2	H	10	YML080W
2	H	11	YML079W
2	H	12	blank
3	A	1	YML078W
3	A	2	YML063W
3	A	3	blank
3	A	4	wild-type
3	A	5	YML062C
3	A	6	YML061C
3	A	7	YML060W
3	A	8	YML059C
3	A	9	YML058W
3	A	10	YML057W
3	A	11	YML054C
3	A	12	YML053C
3	B	1	YML052W
3	B	2	YML051W
3	B	3	YML050W
3	B	4	YML048W
3	B	5	YML048W-A
3	B	6	YML035C-A
3	B	7	YML032C
3	B	8	YML030W
3	B	9	YML029W
3	B	10	wild-type
3	B	11	YML028W
3	B	12	YML026C
3	C	1	YML024W
3	C	2	YML020W
3	C	3	YML019W
3	C	4	YML018C
3	C	5	YML017W
3	C	6	YML016C
3	C	7	YML014W
3	C	8	wild-type
3	C	9	YML013W
3	C	10	YML013C-A
3	C	11	YML012W
3	C	12	wild-type
3	D	1	YML011C
3	D	2	wild-type
3	D	3	YML009c
3	D	4	YML008C
3	D	5	wild-type
3	D	6	YML007W
3	D	7	YML006C
3	D	8	YML005W
3	D	9	YML004C
3	D	10	YML003W
3	D	11	YML002W
3	D	12	YML001W
3	E	1	wild-type
3	E	2	YMR002W
3	E	3	YMR003W
3	E	4	YMR006C
3	E	5	YMR007W
3	E	6	YMR008C
3	E	7	YMR009W
3	E	8	YMR010W
3	E	9	YMR011W
3	E	10	YMR012W
3	E	11	YMR014W
3	E	12	YMR015C
3	F	1	YMR016C
3	F	2	YMR017W
3	F	3	wild-type
3	F	4	YMR018W
3	F	5	YMR019W
3	F	6	YMR020W
3	F	7	wild-type
3	F	8	YMR021C
3	F	9	YMR022W
3	F	10	YMR023C
3	F	11	YMR024W
3	F	12	YMR026C
3	G	1	YMR027W
3	G	2	YMR029C
3	G	3	YMR030W
3	G	4	YMR031W-A
3	G	5	YMR031C
3	G	6	YMR034C
3	G	7	YMR035W
3	G	8	YMR036C
3	G	9	YMR039C
3	G	10	YMR040W
3	G	11	wild-type
3	G	12	YMR041C
3	H	1	YMR042W
3	H	2	blank
3	H	3	YMR044W
3	H	4	YMR140W
3	H	5	YMR141C
3	H	6	wild-type
3	H	7	YMR144W
3	H	8	YMR145C
3	H	9	wild-type
3	H	10	YMR147W
3	H	11	YMR148W
3	H	12	YMR151W
4	A	1	YMR152W
4	A	2	YMR153W
4	A	3	YMR153C-A
4	A	4	blank
4	A	5	YMR155W
4	A	6	YMR156C
4	A	7	YMR157C
4	A	8	YMR158W-A
4	A	9	YMR159C
4	A	10	YMR161W
4	A	11	YMR162C
4	A	12	YMR163C
4	B	1	YMR164C
4	B	2	YMR166C
4	B	3	YMR167W
4	B	4	YMR169C
4	B	5	YMR170C
4	B	6	YMR172C-A
4	B	7	YMR173W-A
4	B	8	YMR174C
4	B	9	YMR175W
4	B	10	wild-type
4	B	11	YMR176W
4	B	12	YMR177W
4	C	1	YMR178W
4	C	2	YMR179W
4	C	3	YMR180C
4	C	4	YMR182C
4	C	5	YMR183C
4	C	6	YMR184W
4	C	7	YMR186W
4	C	8	wild-type
4	C	9	YMR187C
4	C	10	YMR188C
4	C	11	YMR189W
4	C	12	wild-type
4	D	1	YMR190C
4	D	2	wild-type
4	D	3	YMR191W
4	D	4	YMR192W
4	D	5	wild-type
4	D	6	YMR193W
4	D	7	YMR194W
4	D	8	YMR193C-A
4	D	9	YMR195W
4	D	10	YMR196W
4	D	11	YMR198W
4	D	12	YMR199W
4	E	1	wild-type
4	E	2	YMR201C
4	E	3	YMR204C
4	E	4	YMR205C
4	E	5	YMR206W
4	E	6	YMR207C
4	E	7	YMR210W
4	E	8	YMR214W
4	E	9	YMR215W
4	E	10	YMR216C
4	E	11	YMR219W
4	E	12	YMR221C
4	F	1	YMR222C
4	F	2	YMR223W
4	F	3	wild-type
4	F	4	YMR225C
4	F	5	YMR226C
4	F	6	YMR228W
4	F	7	wild-type
4	F	8	YMR230W
4	F	9	YMR231W
4	F	10	YMR232W
4	F	11	YMR233W
4	F	12	YMR234W
4	G	1	YMR237W
4	G	2	YMR238W
4	G	3	YMR241W
4	G	4	YMR242C
4	G	5	YMR243C
4	G	6	YMR244W
4	G	7	YMR245W
4	G	8	YMR244C-A
4	G	9	YMR246W
4	G	10	YMR247C
4	G	11	wild-type
4	G	12	YMR250W
4	H	1	YMR251W
4	H	2	blank
4	H	3	YMR251W-A
4	H	4	YMR252C
4	H	5	YMR253C
4	H	6	wild-type
4	H	7	YMR254C
4	H	8	YMR255W
4	H	9	wild-type
4	H	10	YMR256C
4	H	11	YMR257C
4	H	12	YMR258C
5	A	1	YMR259C
5	A	2	YMR261C
5	A	3	YMR262W
5	A	4	wild-type
5	A	5	blank
5	A	6	YNL047C
5	A	7	YMR264W
5	A	8	YMR265C
5	A	9	YMR266W
5	A	10	YMR267W
5	A	11	YMR272C
5	A	12	YMR273C
5	B	1	YMR274C
5	B	2	YMR276W
5	B	3	YMR278W
5	B	4	YMR280C
5	B	5	YMR282C
5	B	6	YMR283C
5	B	7	YMR284W
5	B	8	YMR285C
5	B	9	YMR286W
5	B	10	wild-type
5	B	11	YMR287C
5	B	12	YMR289W
5	C	1	YMR291W
5	C	2	YMR292W
5	C	3	YMR293C
5	C	4	YMR294W
5	C	5	YMR294W-A
5	C	6	YMR295C
5	C	7	YMR297W
5	C	8	wild-type
5	C	9	blank
5	C	10	YMR302C
5	C	11	YMR303C
5	C	12	wild-type
5	D	1	YMR304W
5	D	2	wild-type
5	D	3	YMR304C-A
5	D	4	YMR305C
5	D	5	wild-type
5	D	6	YMR306C-A
5	D	7	YMR307W
5	D	8	YMR310C
5	D	9	YNL339C
5	D	10	YNL338W
5	D	11	YNL336W
5	D	12	YNL335W
5	E	1	wild-type
5	E	2	YNL334C
5	E	3	YNL333W
5	E	4	YNL332W
5	E	5	YNL330C
5	E	6	YNL329C
5	E	7	YNL328C
5	E	8	YNL327W
5	E	9	YNL326C
5	E	10	YNL324W
5	E	11	YNL325C
5	E	12	YNL323W
5	F	1	YNL322C
5	F	2	YNL321W
5	F	3	wild-type
5	F	4	YNL320W
5	F	5	YNL319W
5	F	6	YNL318C
5	F	7	wild-type
5	F	8	YNL314W
5	F	9	YNL311C
5	F	10	YNL309W
5	F	11	YNL053W
5	F	12	YNL305C
5	G	1	YNL304W
5	G	2	YNL303W
5	G	3	YNL302C
5	G	4	YNL301C
5	G	5	YNL299W
5	G	6	YNL298W
5	G	7	YNL086W
5	G	8	YNL297C
5	G	9	YNL295W
5	G	10	YNL294C
5	G	11	wild-type
5	G	12	YNL293W
5	H	1	YNL089C
5	H	2	blank
5	H	3	YNL291C
5	H	4	YNL289W
5	H	5	YNL288W
5	H	6	wild-type
5	H	7	YNL286W
5	H	8	YNL285W
5	H	9	wild-type
5	H	10	YNL283C
5	H	11	YNL281W
5	H	12	YNL278W
6	A	1	YNL096C
6	A	2	YNL276C
6	A	3	YNL275W
6	A	4	wild-type
6	A	5	YNL273W
6	A	6	blank
6	A	7	YNL271C
6	A	8	YNL270C
6	A	9	YNL268W
6	A	10	YNL266W
6	A	11	YNL265C
6	A	12	YNL264C
6	B	1	YNL259C
6	B	2	YNL257C
6	B	3	YNL255C
6	B	4	YNL249C
6	B	5	YNL248C
6	B	6	YNL246W
6	B	7	YOR001W
6	B	8	YOR002W
6	B	9	YOR003W
6	B	10	wild-type
6	B	11	YOR005C
6	B	12	YOR006C
6	C	1	YOR007C
6	C	2	YOR008C
6	C	3	YOR009W
6	C	4	YOR010C
6	C	5	YOR011W
6	C	6	YOR012W
6	C	7	YOR013W
6	C	8	wild-type
6	C	9	YOR014W
6	C	10	YOR015W
6	C	11	YOR016C
6	C	12	wild-type
6	D	1	YOR017W
6	D	2	wild-type
6	D	3	YOR018W
6	D	4	YOR019W
6	D	5	wild-type
6	D	6	YOR021C
6	D	7	YOR022C
6	D	8	YOR023C
6	D	9	YOR024W
6	D	10	YOR025W
6	D	11	YOR027W
6	D	12	YOR028C
6	E	1	wild-type
6	E	2	YOR029W
6	E	3	YOR030W
6	E	4	YOR031W
6	E	5	YOR032C
6	E	6	YOR034C
6	E	7	YOR035C
6	E	8	YOR036W
6	E	9	YOR037W
6	E	10	YOR038C
6	E	11	YOR039W
6	E	12	YOR040W
6	F	1	YOR041C
6	F	2	YOR042W
6	F	3	wild-type
6	F	4	YOR043W
6	F	5	YOR044W
6	F	6	YOR045W
6	F	7	wild-type
6	F	8	YOR047C
6	F	9	YOR049C
6	F	10	YOR050C
6	F	11	YOR051C
6	F	12	YOR052C
6	G	1	YOR053W
6	G	2	YOR054C
6	G	3	YOR055W
6	G	4	YOR058C
6	G	5	YOR059C
6	G	6	YOR061W
6	G	7	YOR062C
6	G	8	YOR064C
6	G	9	YOR065W
6	G	10	YOR066W
6	G	11	wild-type
6	G	12	YOR067C
6	H	1	YOR068C
6	H	2	blank
6	H	3	YOR070C
6	H	4	YOR071C
6	H	5	YOR072W
6	H	6	wild-type
6	H	7	YOR073W
6	H	8	YOR076C
6	H	9	wild-type
6	H	10	YOR078W
6	H	11	YOR079C
6	H	12	YOR080W
7	A	1	YOR081C
7	A	2	YOR082C
7	A	3	YOR083W
7	A	4	wild-type
7	A	5	YOR084W
7	A	6	YOR085W
7	A	7	blank
7	A	8	YOR086C
7	A	9	YOR088W
7	A	10	YOR089C
7	A	11	YOR090C
7	A	12	YOR091W
7	B	1	YOR092W
7	B	2	YOR093C
7	B	3	YOR094W
7	B	4	YOR289W
7	B	5	YOR290C
7	B	6	YOR291W
7	B	7	YOR292C
7	B	8	YOR293W
7	B	9	YOR296W
7	B	10	wild-type
7	B	11	YOR297C
7	B	12	YOR298W
7	C	1	YOR299W
7	C	2	YOR301W
7	C	3	YOR304C-A
7	C	4	YOR304W
7	C	5	YOR305W
7	C	6	YOR307C
7	C	7	YOR308C
7	C	8	wild-type
7	C	9	YOR311C
7	C	10	YOR312C
7	C	11	YOR313C
7	C	12	wild-type
7	D	1	YOR314W
7	D	2	wild-type
7	D	3	YOR315W
7	D	4	YOR316C
7	D	5	wild-type
7	D	6	YOR318C
7	D	7	YOR320C
7	D	8	YOR321W
7	D	9	YOR322C
7	D	10	YOR323C
7	D	11	YOR324C
7	D	12	YOR327C
7	E	1	wild-type
7	E	2	YOR328W
7	E	3	YOR330C
7	E	4	YOR332W
7	E	5	YOR334W
7	E	6	YOR337W
7	E	7	YOR338W
7	E	8	YOR339C
7	E	9	YOR342C
7	E	10	YOR343C
7	E	11	YOR344C
7	E	12	YOR346W
7	F	1	YOR349W
7	F	2	YOR350C
7	F	3	wild-type
7	F	4	YOR351C
7	F	5	YOR352W
7	F	6	YOR354C
7	F	7	wild-type
7	F	8	YOR355W
7	F	9	YOR356W
7	F	10	YOR357C
7	F	11	YOR358W
7	F	12	YOR359W
7	G	1	YOR360C
7	G	2	YOR363C
7	G	3	YOR365C
7	G	4	YOR367W
7	G	5	YOR368W
7	G	6	YOR371C
7	G	7	YOR374W
7	G	8	YOR375C
7	G	9	YOR376W
7	G	10	YOR377W
7	G	11	wild-type
7	G	12	YOR378W
7	H	1	YOR380W
7	H	2	blank
7	H	3	YOR381W
7	H	4	YOR382W
7	H	5	YOR383C
7	H	6	wild-type
7	H	7	YOR384W
7	H	8	YOR385W
7	H	9	wild-type
7	H	10	YOR386W
7	H	11	YOL001W
7	H	12	YOL002C
8	A	1	YOL003C
8	A	2	YOL004W
8	A	3	YOL006C
8	A	4	wild-type
8	A	5	YOL007C
8	A	6	YOL008W
8	A	7	YOL009C
8	A	8	blank
8	A	9	YOL011W
8	A	10	YOL012C
8	A	11	YOL013C
8	A	12	YOL014W
8	B	1	YOL015W
8	B	2	YOL017W
8	B	3	YOL018C
8	B	4	YOL019W
8	B	5	YOL020W
8	B	6	YOL023W
8	B	7	YOL024W
8	B	8	YOL025W
8	B	9	YOL027C
8	B	10	wild-type
8	B	11	YOL028C
8	B	12	YOL029C
8	C	1	YOL030W
8	C	2	YOL031C
8	C	3	YOL032W
8	C	4	YOL033W
8	C	5	YOL035C
8	C	6	YOL036W
8	C	7	YOL037C
8	C	8	wild-type
8	C	9	YOL039W
8	C	10	YOL041C
8	C	11	YOL042W
8	C	12	wild-type
8	D	1	YOL043C
8	D	2	wild-type
8	D	3	YOL044W
8	D	4	YOL045W
8	D	5	wild-type
8	D	6	YOL046C
8	D	7	YOL047C
8	D	8	YOL050C
8	D	9	YOL051W
8	D	10	YOL052C
8	D	11	YOL053C-A
8	D	12	YOL053W
8	E	1	wild-type
8	E	2	YOL054W
8	E	3	YOL055C
8	E	4	YOL056W
8	E	5	YOL057W
8	E	6	YOL059W
8	E	7	YOL060C
8	E	8	YOL061W
8	E	9	YOL062C
8	E	10	YOL063C
8	E	11	YOL064C
8	E	12	YOL065C
8	F	1	YOL067C
8	F	2	YOL068C
8	F	3	wild-type
8	F	4	YOL070C
8	F	5	YOL071W
8	F	6	YOL072W
8	F	7	wild-type
8	F	8	YOL075C
8	F	9	YOL076W
8	F	10	YOL079W
8	F	11	YOL080C
8	F	12	YOL081W
8	G	1	YOL082W
8	G	2	YOL083W
8	G	3	YOL084W
8	G	4	YOL085C
8	G	5	YPL274W
8	G	6	YPL273W
8	G	7	YPL272C
8	G	8	YPL271W
8	G	9	YPL270W
8	G	10	YPL269W
8	G	11	wild-type
8	G	12	YPL267W
8	H	1	YPL265W
8	H	2	blank
8	H	3	YPL264C
8	H	4	YPL263C
8	H	5	YPL262W
8	H	6	wild-type
8	H	7	YPL260W
8	H	8	YPL261C
8	H	9	wild-type
8	H	10	YPL259C
8	H	11	YPL258C
8	H	12	YPL257W
9	A	1	YPL256C
9	A	2	blank
9	A	3	YPL253C
9	A	4	wild-type
9	A	5	YPL250C
9	A	6	YPL249C
9	A	7	YPL248C
9	A	8	YPL247C
9	A	9	blank
9	A	10	YPL246C
9	A	11	YPL245W
9	A	12	YPL244C
9	B	1	YPL241C
9	B	2	YPL240C
9	B	3	YPL239W
9	B	4	YPL236C
9	B	5	YPL234C
9	B	6	YPL232W
9	B	7	YPL230W
9	B	8	YPL229W
9	B	9	YPL227C
9	B	10	wild-type
9	B	11	YPL226W
9	B	12	YPL225W
9	C	1	YPL223C
9	C	2	YPL222W
9	C	3	YPL221W
9	C	4	YPL220W
9	C	5	YPL219W
9	C	6	YPL216W
9	C	7	YPL215W
9	C	8	wild-type
9	C	9	YPL214C
9	C	10	YPL213W
9	C	11	YPL212C
9	C	12	wild-type
9	D	1	YPL208W
9	D	2	wild-type
9	D	3	YPL207W
9	D	4	YPL206C
9	D	5	wild-type
9	D	6	YPL205C
9	D	7	YPL203W
9	D	8	YPL202C
9	D	9	YPL201C
9	D	10	YPL200W
9	D	11	YPL199C
9	D	12	YPL198W
9	E	1	wild-type
9	E	2	YPL197C
9	E	3	YPL196W
9	E	4	YPL195W
9	E	5	YPL194W
9	E	6	YPL193W
9	E	7	YPL192C
9	E	8	YPL191C
9	E	9	YPL189W
9	E	10	YPL188W
9	E	11	YPL187W
9	E	12	YPL185W
9	F	1	YPL186C
9	F	2	YPL184C
9	F	3	wild-type
9	F	4	YPL181W
9	F	5	YPL182C
9	F	6	YPL180W
9	F	7	wild-type
9	F	8	YPL179W
9	F	9	YPL178W
9	F	10	YPL177C
9	F	11	YPL176C
9	F	12	YPL174C
9	G	1	YPL173W
9	G	2	YPL172C
9	G	3	YPL171C
9	G	4	YPL170W
9	G	5	YPL168W
9	G	6	YPL167C
9	G	7	YPL166W
9	G	8	YPL164C
9	G	9	YPL163C
9	G	10	YPL162C
9	G	11	wild-type
9	G	12	YPL161C
9	H	1	YPL159C
9	H	2	blank
9	H	3	YPL157W
9	H	4	YPL156C
9	H	5	YPL155C
9	H	6	wild-type
9	H	7	YPL154C
9	H	8	YPL152W
9	H	9	wild-type
9	H	10	YPL150W
9	H	11	YPL149W
9	H	12	YPL147W
10	A	1	YPL145C
10	A	2	YPL144W
10	A	3	YPL141C
10	A	4	wild-type
10	A	5	YPL140C
10	A	6	YPL139C
10	A	7	YPL138C
10	A	8	YPL136W
10	A	9	YPL135W
10	A	10	blank
10	A	11	YPL133C
10	A	12	YPL130W
10	B	1	YPL127C
10	B	2	YPL125W
10	B	3	YPL123C
10	B	4	YPL121C
10	B	5	YPL120W
10	B	6	YPL119C
10	B	7	YPL118W
10	B	8	YPL116W
10	B	9	YPL115C
10	B	10	wild-type
10	B	11	YPL114W
10	B	12	YPL113C
10	C	1	YPL112C
10	C	2	YPL111W
10	C	3	YPL110C
10	C	4	YPL109C
10	C	5	YPL108W
10	C	6	YPL107W
10	C	7	YPL106C
10	C	8	wild-type
10	C	9	YPL105C
10	C	10	YPL104W
10	C	11	YPL103C
10	C	12	wild-type
10	D	1	YPL101W
10	D	2	wild-type
10	D	3	YPL102C
10	D	4	YPL100W
10	D	5	wild-type
10	D	6	YPL099C
10	D	7	YPL098C
10	D	8	YPL097W
10	D	9	YPL096W
10	D	10	YPL095C
10	D	11	YPL092W
10	D	12	YBR174C
10	E	1	wild-type
10	E	2	YBR175W
10	E	3	YBR176W
10	E	4	YBR177C
10	E	5	YBR178W
10	E	6	YBR179C
10	E	7	YBR180W
10	E	8	YBR181C
10	E	9	YBR182C
10	E	10	YBR183W
10	E	11	YBR184W
10	E	12	YBR185C
10	F	1	YBR186W
10	F	2	YBR187W
10	F	3	wild-type
10	F	4	YBR188C
10	F	5	YBR194W
10	F	6	YBR195C
10	F	7	wild-type
10	F	8	YBR197C
10	F	9	YBR199W
10	F	10	YBR200W
10	F	11	YBR203W
10	F	12	YBR204C
10	G	1	YBR205W
10	G	2	YBR206W
10	G	3	YBR207W
10	G	4	YBR208C
10	G	5	YBR209W
10	G	6	YBR210W
10	G	7	YBR212W
10	G	8	YBR214W
10	G	9	YBR215W
10	G	10	YBR216C
10	G	11	wild-type
10	G	12	YBR217W
10	H	1	YBR218C
10	H	2	blank
10	H	3	YBR219C
10	H	4	YBR220C
10	H	5	YBR221C
10	H	6	wild-type
10	H	7	YBR222C
10	H	8	YBR223C
10	H	9	wild-type
10	H	10	YBR224W
10	H	11	YBR225W
10	H	12	YBR226C
11	A	1	YBR227C
11	A	2	YBR228W
11	A	3	YBR229C
11	A	4	wild-type
11	A	5	YBR230C
11	A	6	YBR231C
11	A	7	YBR233W
11	A	8	YBR235W
11	A	9	YBR238C
11	A	10	YBR239C
11	A	11	blank
11	A	12	YBR240C
11	B	1	YBR241C
11	B	2	YBR242W
11	B	3	YBR244W
11	B	4	YBR245C
11	B	5	YBR246W
11	B	6	YBR248C
11	B	7	YBR249C
11	B	8	YBR250W
11	B	9	YBR251W
11	B	10	wild-type
11	B	11	YBR255W
11	B	12	YBR258C
11	C	1	YBR259W
11	C	2	YBR260C
11	C	3	YBR261C
11	C	4	YBR262C
11	C	5	YBR263W
11	C	6	YBR264C
11	C	7	YBR266C
11	C	8	wild-type
11	C	9	YBR267W
11	C	10	YBR268W
11	C	11	YDR049W
11	C	12	wild-type
11	D	1	YDR050C
11	D	2	wild-type
11	D	3	YDR051C
11	D	4	YDR055W
11	D	5	wild-type
11	D	6	YDR056C
11	D	7	YDR057W
11	D	8	YDR059C
11	D	9	YDR061W
11	D	10	YDR063W
11	D	11	YDR065W
11	D	12	YDR066C
11	E	1	wild-type
11	E	2	YDR067C
11	E	3	YDR068W
11	E	4	YDR069C
11	E	5	YDR070C
11	E	6	YDR072C
11	E	7	YDR073W
11	E	8	YDR075W
11	E	9	YDR076W
11	E	10	YDR077W
11	E	11	YDR078C
11	E	12	YDR079W
11	F	1	YDR080W
11	F	2	YDR083W
11	F	3	wild-type
11	F	4	YDR084C
11	F	5	YDR085C
11	F	6	YDR089W
11	F	7	wild-type
11	F	8	YDR093W
11	F	9	YDR094W
11	F	10	YDR095C
11	F	11	YDR096W
11	F	12	YDR097C
11	G	1	YDR098C
11	G	2	YDR099W
11	G	3	YDR100W
11	G	4	YDR101C
11	G	5	YDR102C
11	G	6	YDR104C
11	G	7	YDR105C
11	G	8	YDR107C
11	G	9	YDR108W
11	G	10	YDR109C
11	G	11	wild-type
11	G	12	YDR110W
11	H	1	YDR111C
11	H	2	blank
11	H	3	YDR112W
11	H	4	YDR115W
11	H	5	YDR116C
11	H	6	wild-type
11	H	7	YDR117C
11	H	8	YDR119W
11	H	9	wild-type
11	H	10	YDR120C
11	H	11	YDR121W
11	H	12	YDR122W
12	A	1	YDR124W
12	A	2	YDR125C
12	A	3	YDR126W
12	A	4	wild-type
12	A	5	YDR128W
12	A	6	YDR129C
12	A	7	YDR130C
12	A	8	YDR131C
12	A	9	YDR132C
12	A	10	YDR133C
12	A	11	YDR134C
12	A	12	blank
12	B	1	YDR135C
12	B	2	YDR136C
12	B	3	YDR137W
12	B	4	YPR021C
12	B	5	YDR139C
12	B	6	YDR140W
12	B	7	YDR142C
12	B	8	YDR143C
12	B	9	YDR144C
12	B	10	wild-type
12	B	11	YDR146C
12	B	12	YDR338C
12	C	1	YDR340W
12	C	2	YDR344C
12	C	3	YDR345C
12	C	4	YDR346C
12	C	5	YDR347W
12	C	6	YDR348C
12	C	7	YDR349C
12	C	8	wild-type
12	C	9	YDR350C
12	C	10	YDR351W
12	C	11	YDR352W
12	C	12	wild-type
12	D	1	YDR357C
12	D	2	wild-type
12	D	3	YDR358W
12	D	4	YDR359C
12	D	5	wild-type
12	D	6	YDR360W
12	D	7	YDR368W
12	D	8	YDR369C
12	D	9	YDR370C
12	D	10	YDR371W
12	D	11	YDR372C
12	D	12	YDR374C
12	E	1	wild-type
12	E	2	YDR375C
12	E	3	YDR377W
12	E	4	YDR378C
12	E	5	YDR379W
12	E	6	YDR380W
12	E	7	YDR382W
12	E	8	YDR383C
12	E	9	YDR384C
12	E	10	YDR385W
12	E	11	YDR386W
12	E	12	YDR387C
12	F	1	YDR388W
12	F	2	YDR389W
12	F	3	wild-type
12	F	4	YDR391C
12	F	5	YDR392W
12	F	6	YDR393W
12	F	7	wild-type
12	F	8	YDR395W
12	F	9	YDR399W
12	F	10	YDR400W
12	F	11	YDR401W
12	F	12	YDR402C
12	G	1	YDR403W
12	G	2	YDR405W
12	G	3	YDR406W
12	G	4	YDR409W
12	G	5	YDR411C
12	G	6	YDR414C
12	G	7	YDR415C
12	G	8	YDR418W
12	G	9	YDR419W
12	G	10	YDR420W
12	G	11	wild-type
12	G	12	YDR421W
12	H	1	YDR422C
12	H	2	blank
12	H	3	YDR423C
12	H	4	YDR425W
12	H	5	YDR426C
12	H	6	wild-type
12	H	7	YDR428C
12	H	8	YDR430C
12	H	9	wild-type
12	H	10	YDR431W
12	H	11	YDR435C
12	H	12	YDR436W
13	A	1	YEL001C
13	A	2	YEL003W
13	A	3	YEL005C
13	A	4	wild-type
13	A	5	YEL006W
13	A	6	YEL007W
13	A	7	YEL008W
13	A	8	YEL010W
13	A	9	YEL013W
13	A	10	YEL014C
13	A	11	YEL015W
13	A	12	YEL016C
13	B	1	blank
13	B	2	YEL017C-A
13	B	3	YEL017W
13	B	4	YPR083W
13	B	5	YEL020C
13	B	6	YEL025C
13	B	7	YEL028W
13	B	8	YEL030W
13	B	9	YEL031W
13	B	10	wild-type
13	B	11	YEL033W
13	B	12	YPR091C
13	C	1	YEL038W
13	C	2	YEL039C
13	C	3	YEL040W
13	C	4	YEL042W
13	C	5	YEL043W
13	C	6	YEL045C
13	C	7	YEL046C
13	C	8	wild-type
13	C	9	YEL047C
13	C	10	YEL048C
13	C	11	YEL049W
13	C	12	wild-type
13	D	1	YEL052W
13	D	2	wild-type
13	D	3	YEL053C
13	D	4	YEL054C
13	D	5	wild-type
13	D	6	YEL056W
13	D	7	YEL057C
13	D	8	YEL059W
13	D	9	YEL060C
13	D	10	YEL062W
13	D	11	YEL063C
13	D	12	YEL064C
13	E	1	wild-type
13	E	2	YEL065W
13	E	3	YEL066W
13	E	4	YEL067C
13	E	5	YEL068C
13	E	6	YEL071W
13	E	7	YER001W
13	E	8	YER002W
13	E	9	YER004W
13	E	10	YER005W
13	E	11	YER007C-A
13	E	12	YER010C
13	F	1	YER011W
13	F	2	YPR011C
13	F	3	wild-type
13	F	4	YER019W
13	F	5	YER019C-A
13	F	6	YER020W
13	F	7	wild-type
13	F	8	YER024W
13	F	9	YER030W
13	F	10	YER032W
13	F	11	YER033C
13	F	12	YER034W
13	G	1	YER035W
13	G	2	YER038W-A
13	G	3	YER039C
13	G	4	YER040W
13	G	5	YER041W
13	G	6	YER042W
13	G	7	YER044C-A
13	G	8	YER045C
13	G	9	YER046W-A
13	G	10	YER047C
13	G	11	wild-type
13	G	12	YER048C
13	H	1	YER049W
13	H	2	blank
13	H	3	YER050C
13	H	4	YER051W
13	H	5	YER053C
13	H	6	wild-type
13	H	7	YER054C
13	H	8	YER056C
13	H	9	wild-type
13	H	10	YER056C-A
13	H	11	YER057C
13	H	12	YER058W
14	A	1	YER059W
14	A	2	YER060W
14	A	3	YER060W-A
14	A	4	wild-type
14	A	5	YER061C
14	A	6	YER062C
14	A	7	YER065C
14	A	8	YER066C-A
14	A	9	YER067W
14	A	10	YER067C-A
14	A	11	YPR118W
14	A	12	YER071C
14	B	1	YER072W
14	B	2	blank
14	B	3	YER073W
14	B	4	YER074W
14	B	5	YER075C
14	B	6	YER079W
14	B	7	YER080W
14	B	8	YER081W
14	B	9	YER083C
14	B	10	wild-type
14	B	11	YER084W
14	B	12	YER085C
14	C	1	YER086W
14	C	2	YER087C-A
14	C	3	YGR123C
14	C	4	YGR124W
14	C	5	YGR125W
14	C	6	YGR126W
14	C	7	YGR127W
14	C	8	wild-type
14	C	9	YGR129W
14	C	10	YGR130C
14	C	11	YGR131W
14	C	12	wild-type
14	D	1	YGR132C
14	D	2	wild-type
14	D	3	YGR133W
14	D	4	YGR135W
14	D	5	wild-type
14	D	6	YGR136W
14	D	7	YGR137W
14	D	8	YGR138C
14	D	9	YGR139W
14	D	10	YGR141W
14	D	11	YGR142W
14	D	12	YGR143W
14	E	1	wild-type
14	E	2	YGR144W
14	E	3	YGR146C
14	E	4	YGR148C
14	E	5	YGR149W
14	E	6	YGR150C
14	E	7	YGR151C
14	E	8	YGR152C
14	E	9	YGR153W
14	E	10	YGR154C
14	E	11	YGR157W
14	E	12	YGR159C
14	F	1	YGR160W
14	F	2	YGR161C
14	F	3	wild-type
14	F	4	YGR163W
14	F	5	YGR164W
14	F	6	YGR165W
14	F	7	wild-type
14	F	8	YGR166W
14	F	9	YOL153C
14	F	10	YGR168C
14	F	11	YGR169C
14	F	12	YGR170W
14	G	1	YGR173W
14	G	2	YGR174C
14	G	3	YGR176W
14	G	4	YGR177C
14	G	5	YGR178C
14	G	6	YGR181W
14	G	7	YGR182C
14	G	8	YGR183C
14	G	9	YGR184C
14	G	10	YGR187C
14	G	11	wild-type
14	G	12	YGR189C
14	H	1	YGR192C
14	H	2	blank
14	H	3	YGR193C
14	H	4	YGR194C
14	H	5	YGR196C
14	H	6	wild-type
14	H	7	YGR197C
14	H	8	YGR199W
14	H	9	wild-type
14	H	10	YGR200C
14	H	11	YGR202C
14	H	12	YGR203W
15	A	1	YGR205W
15	A	2	YGR206W
15	A	3	YGR207C
15	A	4	wild-type
15	A	5	YGR208W
15	A	6	YGR209C
15	A	7	YGR212W
15	A	8	YGR213C
15	A	9	YGR214W
15	A	10	YGR215W
15	A	11	YGR217W
15	A	12	YHL047C
15	B	1	YHL046C
15	B	2	YHL045W
15	B	3	blank
15	B	4	YHL044W
15	B	5	YHL043W
15	B	6	YHL042W
15	B	7	YHL041W
15	B	8	YHL040C
15	B	9	YHL038C
15	B	10	wild-type
15	B	11	YHL037C
15	B	12	YHL036W
15	C	1	YHL035C
15	C	2	YHL034C
15	C	3	YHL033C
15	C	4	YHL032C
15	C	5	YHL031C
15	C	6	YHL030W
15	C	7	YHL029C
15	C	8	wild-type
15	C	9	YHL028W
15	C	10	YHL027W
15	C	11	YHL026C
15	C	12	wild-type
15	D	1	YHL023C
15	D	2	wild-type
15	D	3	YHL022C
15	D	4	YHL021C
15	D	5	wild-type
15	D	6	YHL020C
15	D	7	YHL019C
15	D	8	YHL017W
15	D	9	YHL016C
15	D	10	YHL014C
15	D	11	YHL013C
15	D	12	YHL012W
15	E	1	wild-type
15	E	2	YHL010C
15	E	3	YHL009C
15	E	4	YHL008C
15	E	5	YHL006C
15	E	6	YHL005C
15	E	7	YHL003C
15	E	8	YHR001W-A
15	E	9	YHR011W
15	E	10	YHR012W
15	E	11	YHR014W
15	E	12	YHR015W
15	F	1	YHR022C
15	F	2	YHR029C
15	F	3	wild-type
15	F	4	YHR030C
15	F	5	YHR031C
15	F	6	YHR034C
15	F	7	wild-type
15	F	8	YHR035W
15	F	9	blank
15	F	10	YHR038W
15	F	11	YHR039C
15	F	12	YHR043C
15	G	1	YHR044C
15	G	2	YHR046C
15	G	3	YHR047C
15	G	4	YHR048W
15	G	5	YHR049W
15	G	6	YHR049C-A
15	G	7	YHR050W
15	G	8	blank
15	G	9	YHR061C
15	G	10	YHR066W
15	G	11	wild-type
15	G	12	YHR073W
15	H	1	YHR075C
15	H	2	blank
15	H	3	YHR076W
15	H	4	YHR077C
15	H	5	YHR078W
15	H	6	wild-type
15	H	7	YHR079C
15	H	8	YHR080C
15	H	9	wild-type
15	H	10	blank
15	H	11	YHR082C
15	H	12	YHR086W
16	A	1	YHR087W
16	A	2	YHR092C
16	A	3	YHR093W
16	A	4	wild-type
16	A	5	YHR094C
16	A	6	YHR095W
16	A	7	YHR096C
16	A	8	YHR097C
16	A	9	YHR100C
16	A	10	YHR103W
16	A	11	YHR104W
16	A	12	YHR105W
16	B	1	YHR106W
16	B	2	YHR108W
16	B	3	YHR109W
16	B	4	blank
16	B	5	YHR110W
16	B	6	YHR111W
16	B	7	YHR112C
16	B	8	YHR113W
16	B	9	YHR114W
16	B	10	wild-type
16	B	11	YHR115C
16	B	12	YHR116W
16	C	1	YHR117W
16	C	2	YHR120W
16	C	3	YHR121W
16	C	4	YHR123W
16	C	5	YHR124W
16	C	6	YHR125W
16	C	7	YHR126C
16	C	8	wild-type
16	C	9	YHR129C
16	C	10	YHR130C
16	C	11	YHR132C
16	C	12	wild-type
16	D	1	YHR133C
16	D	2	wild-type
16	D	3	YHR134W
16	D	4	YHR135C
16	D	5	wild-type
16	D	6	YHR136C
16	D	7	YHR137W
16	D	8	YHR138C
16	D	9	YHR139C
16	D	10	YHR139C-A
16	D	11	YHR142W
16	D	12	YHR143W
16	E	1	wild-type
16	E	2	blank
16	E	3	YHR150W
16	E	4	YHR151C
16	E	5	YHR152W
16	E	6	YHR153C
16	E	7	YHR154W
16	E	8	YHR155W
16	E	9	YHR156C
16	E	10	YHR157W
16	E	11	YHR158C
16	E	12	YHR159W
16	F	1	YHR160C
16	F	2	YHR161C
16	F	3	wild-type
16	F	4	YHR163W
16	F	5	YHR167W
16	F	6	YHR176W
16	F	7	wild-type
16	F	8	YHR178W
16	F	9	YHR179W
16	F	10	YHR182W
16	F	11	blank
16	F	12	YHR184W
16	G	1	YHR189W
16	G	2	YHR195W
16	G	3	YHR198C
16	G	4	YHR199C
16	G	5	YHR200W
16	G	6	YHR202W
16	G	7	YHR203C
16	G	8	YHR204W
16	G	9	YHR207C
16	G	10	YHR209W
16	G	11	wild-type
16	G	12	YHR210C
16	H	1	YMR118C
16	H	2	blank
16	H	3	YCL009C
16	H	4	YCL010C
16	H	5	YCL011C
16	H	6	wild-type
16	H	7	YCL012W
16	H	8	YCL013W
16	H	9	wild-type
16	H	10	YCL023C
16	H	11	YCL025C
16	H	12	YCL027W
17	A	1	YCL028W
17	A	2	YCL029C
17	A	3	YCL033C
17	A	4	wild-type
17	A	5	YCL034W
17	A	6	YCL036W
17	A	7	YCL037C
17	A	8	YCL039W
17	A	9	YCL040W
17	A	10	YCL042W
17	A	11	blank
17	A	12	blank
17	B	1	YCL046W
17	B	2	YCL047C
17	B	3	YCL048W
17	B	4	YCL049C
17	B	5	blank
17	B	6	YCL050C
17	B	7	YCL051W
17	B	8	YCL055W
17	B	9	YCL056C
17	B	10	wild-type
17	B	11	YCL057W
17	B	12	YCL060C
17	C	1	YCL062W
17	C	2	YCL063W
17	C	3	YCL064C
17	C	4	YCL069W
17	C	5	YCR001W
17	C	6	YCR003W
17	C	7	YCR004C
17	C	8	wild-type
17	C	9	YCR005C
17	C	10	YCR006C
17	C	11	YCR007C
17	C	12	wild-type
17	D	1	YCR008W
17	D	2	wild-type
17	D	3	YCR009C
17	D	4	YCR010C
17	D	5	wild-type
17	D	6	YCR011C
17	D	7	YCR014C
17	D	8	YCR015C
17	D	9	YCR016W
17	D	10	YCR017C
17	D	11	YCR019W
17	D	12	YCR020C
17	E	1	wild-type
17	E	2	YCR020C-A
17	E	3	YCR021C
17	E	4	YCR022C
17	E	5	YCR023C
17	E	6	YLR451W
17	E	7	YLR126C
17	E	8	YLR128W
17	E	9	YLR130C
17	E	10	YLR131C
17	E	11	YLR133W
17	E	12	YLR134W
17	F	1	YLR135W
17	F	2	YLR136C
17	F	3	wild-type
17	F	4	YLR137W
17	F	5	YLR138W
17	F	6	YLR139C
17	F	7	wild-type
17	F	8	YLR142W
17	F	9	YLR143W
17	F	10	YLR144C
17	F	11	YMR074C
17	F	12	YLR149C
17	G	1	YLR152C
17	G	2	YLR154C
17	G	3	YLR164W
17	G	4	YLR165C
17	G	5	YLR168C
17	G	6	YLR169W
17	G	7	YLR170C
17	G	8	YLR171W
17	G	9	YLR173W
17	G	10	YLR174W
17	G	11	wild-type
17	G	12	YLR176C
17	H	1	YLR177W
17	H	2	blank
17	H	3	YLR178C
17	H	4	YLR179C
17	H	5	YLR180W
17	H	6	wild-type
17	H	7	YLR181C
17	H	8	YLR183C
17	H	9	wild-type
17	H	10	YLR184W
17	H	11	YLR185W
17	H	12	YLR187W
18	A	1	YLR188W
18	A	2	YLR189C
18	A	3	YLR190W
18	A	4	wild-type
18	A	5	YLR193C
18	A	6	YLR199C
18	A	7	YLR200W
18	A	8	YLR201C
18	A	9	YLR202C
18	A	10	YLR203C
18	A	11	YLR204W
18	A	12	YLR205C
18	B	1	YLR206W
18	B	2	YLR207W
18	B	3	YLR209C
18	B	4	YLR210W
18	B	5	YLR213C
18	B	6	blank
18	B	7	YLR214W
18	B	8	YLR216C
18	B	9	YLR217W
18	B	10	wild-type
18	B	11	YLR218C
18	B	12	YLR219W
18	C	1	YLR220W
18	C	2	YLR221C
18	C	3	YLR224W
18	C	4	YLR225C
18	C	5	YLR227C
18	C	6	YKL001C
18	C	7	YKL003C
18	C	8	wild-type
18	C	9	YKL006W
18	C	10	YKL007W
18	C	11	YKL008C
18	C	12	wild-type
18	D	1	YKL009W
18	D	2	wild-type
18	D	3	YKL010C
18	D	4	YKL011C
18	D	5	wild-type
18	D	6	YKL015W
18	D	7	YKL016C
18	D	8	YKL017C
18	D	9	YKL020C
18	D	10	YKL023W
18	D	11	YKL025C
18	D	12	YKL026C
18	E	1	wild-type
18	E	2	YKL027W
18	E	3	YKL029C
18	E	4	YKL031W
18	E	5	YKL032C
18	E	6	YKL034W
18	E	7	YKL037W
18	E	8	YKL038W
18	E	9	YKL039W
18	E	10	YKL040C
18	E	11	YKL041W
18	E	12	YKL043W
18	F	1	YKL044W
18	F	2	YKL046C
18	F	3	wild-type
18	F	4	YKL047W
18	F	5	YKL048C
18	F	6	YKL050C
18	F	7	wild-type
18	F	8	YKL051W
18	F	9	YKL053W
18	F	10	YKL055C
18	F	11	YKL056C
18	F	12	YKL057C
18	G	1	YKL061W
18	G	2	YKL062W
18	G	3	YKL063C
18	G	4	YKL064W
18	G	5	YKL066W
18	G	6	YKL067W
18	G	7	YKL068W
18	G	8	YKL069W
18	G	9	YKL070W
18	G	10	YKL071W
18	G	11	wild-type
18	G	12	YKL072W
18	H	1	YKL073W
18	H	2	blank
18	H	3	YKL074C
18	H	4	YKL075C
18	H	5	YKL076C
18	H	6	wild-type
18	H	7	YKL077W
18	H	8	YKL079W
18	H	9	wild-type
18	H	10	YKL081W
18	H	11	YKL084W
18	H	12	YKL085W
19	A	1	YKL086W
19	A	2	YKL087C
19	A	3	YKL090W
19	A	4	wild-type
19	A	5	YKL091C
19	A	6	YKL092C
19	A	7	YKL093W
19	A	8	YKL094W
19	A	9	YKL096W
19	A	10	YKL097C
19	A	11	YKL098W
19	A	12	YKL100C
19	B	1	YKL101W
19	B	2	YKL102C
19	B	3	YKL103C
19	B	4	YKL105C
19	B	5	YKL106W
19	B	6	YKL107W
19	B	7	blank
19	B	8	YKL109W
19	B	9	YKL110C
19	B	10	wild-type
19	B	11	YKL113C
19	B	12	YKL114C
19	C	1	YKL116C
19	C	2	YKL117W
19	C	3	YKL119C
19	C	4	YKL120W
19	C	5	YKL121W
19	C	6	YKL123W
19	C	7	YKL124W
19	C	8	wild-type
19	C	9	YKL126W
19	C	10	YKL127W
19	C	11	YKL128C
19	C	12	wild-type
19	D	1	YKL129C
19	D	2	wild-type
19	D	3	YKL130C
19	D	4	YKL131W
19	D	5	wild-type
19	D	6	YKL132C
19	D	7	YKL133C
19	D	8	YKL134C
19	D	9	YKL136W
19	D	10	YKL138C
19	D	11	YKL140W
19	D	12	YKL142W
19	E	1	wild-type
19	E	2	YKL143W
19	E	3	YKL146W
19	E	4	YKL147C
19	E	5	YKL148C
19	E	6	YKL149C
19	E	7	YKL150W
19	E	8	YKL151C
19	E	9	YPR151C
19	E	10	YKL156W
19	E	11	YKL158W
19	E	12	YKL159C
19	F	1	YKL160W
19	F	2	YKL161C
19	F	3	wild-type
19	F	4	YKL162C
19	F	5	YKL163W
19	F	6	YKL164C
19	F	7	wild-type
19	F	8	YKL166C
19	F	9	YKL167C
19	F	10	YKL168C
19	F	11	YKL169C
19	F	12	YKL170W
19	G	1	YKL171W
19	G	2	YKL174C
19	G	3	YKL175W
19	G	4	YKL176C
19	G	5	YKL177W
19	G	6	YKL178C
19	G	7	YKL179C
19	G	8	YKL183W
19	G	9	YKL184W
19	G	10	YKL185W
19	G	11	wild-type
19	G	12	YKL187C
19	H	1	YKL188C
19	H	2	blank
19	H	3	YKL190W
19	H	4	YGR027C
19	H	5	YGR031W
19	H	6	wild-type
19	H	7	YGR033C
19	H	8	YGR034W
19	H	9	wild-type
19	H	10	YGR035C
19	H	11	YGR036C
19	H	12	YGR039W
20	A	1	YGR041W
20	A	2	YGR042W
20	A	3	YGR043C
20	A	4	wild-type
20	A	5	YGR044C
20	A	6	YGR045C
20	A	7	YGR049W
20	A	8	YGR051C
20	A	9	YGR052W
20	A	10	YGR054W
20	A	11	YGR055W
20	A	12	YGR058W
20	B	1	YGR059W
20	B	2	YGR066C
20	B	3	YGR067C
20	B	4	YGR068C
20	B	5	YGR069W
20	B	6	YGR070W
20	B	7	YGR071C
20	B	8	blank
20	B	9	YGR072W
20	B	10	wild-type
20	B	11	YGR076C
20	B	12	YGR077C
20	C	1	YGR078C
20	C	2	YGR079W
20	C	3	YGR080W
20	C	4	YGR081C
20	C	5	YGR084C
20	C	6	YGR085C
20	C	7	YGR087C
20	C	8	wild-type
20	C	9	YGR088W
20	C	10	YGR096W
20	C	11	YGR097W
20	C	12	wild-type
20	D	1	YGR100W
20	D	2	wild-type
20	D	3	YGR102C
20	D	4	YGR107W
20	D	5	wild-type
20	D	6	YGR108W
20	D	7	YGR109C
20	D	8	YGR111W
20	D	9	YGR112W
20	D	10	YGR118W
20	D	11	YGR121C
20	D	12	YGR122W
20	E	1	wild-type
20	E	2	YOR097C
20	E	3	YOR099W
20	E	4	YOR100C
20	E	5	YOR101W
20	E	6	YOR104W
20	E	7	YOR105W
20	E	8	YOR106W
20	E	9	YOR107W
20	E	10	YOR108W
20	E	11	YOR109W
20	E	12	YOR111W
20	F	1	YOR112W
20	F	2	YOR113W
20	F	3	wild-type
20	F	4	YOR114W
20	F	5	YOR115C
20	F	6	YOR118W
20	F	7	wild-type
20	F	8	YOR120W
20	F	9	YOR121C
20	F	10	YOR123C
20	F	11	YOR124C
20	F	12	YOR125C
20	G	1	YOR126C
20	G	2	YOR127W
20	G	3	YOR129C
20	G	4	YOR131C
20	G	5	YOR133W
20	G	6	YOR134W
20	G	7	YOR135C
20	G	8	YOR136W
20	G	9	YOR137C
20	G	10	YOR139C
20	G	11	wild-type
20	G	12	YOR140W
20	H	1	YOR144C
20	H	2	blank
20	H	3	YOR152C
20	H	4	YOR153W
20	H	5	YOR154W
20	H	6	wild-type
20	H	7	YOR155C
20	H	8	YOR156C
20	H	9	wild-type
20	H	10	YOR161C
20	H	11	YOR163W
20	H	12	YOR164C
21	A	1	YOR165W
21	A	2	YOR166C
21	A	3	YOR167C
21	A	4	wild-type
21	A	5	YOR170W
21	A	6	YOR171C
21	A	7	YOR172W
21	A	8	YOR173W
21	A	9	YOR177C
21	A	10	YOR184W
21	A	11	YOR185C
21	A	12	YOR186W
21	B	1	blank
21	B	2	YOR188W
21	B	3	YOR189W
21	B	4	YOR190W
21	B	5	YOR191W
21	B	6	YOR192C
21	B	7	YOR193W
21	B	8	YOR195W
21	B	9	blank
21	B	10	wild-type
21	B	11	YOR196C
21	B	12	YOR197W
21	C	1	YOR199W
21	C	2	blank
21	C	3	YOR202W
21	C	4	YOR205C
21	C	5	YOR208W
21	C	6	YOR209C
21	C	7	YOR211C
21	C	8	wild-type
21	C	9	YOR213C
21	C	10	YOR214C
21	C	11	YOR215C
21	C	12	wild-type
21	D	1	YOR216C
21	D	2	wild-type
21	D	3	YOR219C
21	D	4	YOR220W
21	D	5	wild-type
21	D	6	YOR221C
21	D	7	YOR222W
21	D	8	YOR223W
21	D	9	YOR225W
21	D	10	YOR227W
21	D	11	YOR228C
21	D	12	YOR229W
21	E	1	wild-type
21	E	2	YOR230W
21	E	3	YOR231W
21	E	4	YOR233W
21	E	5	YOR234C
21	E	6	YOR235W
21	E	7	YOR237W
21	E	8	YOR238W
21	E	9	YOR240W
21	E	10	YOR243C
21	E	11	YOR245C
21	E	12	YOR246C
21	F	1	YOR247W
21	F	2	YOR248W
21	F	3	wild-type
21	F	4	YOR252W
21	F	5	YOR255W
21	F	6	YOR263C
21	F	7	wild-type
21	F	8	YOR264W
21	F	9	YOR277C
21	F	10	YOR279C
21	F	11	YOR280C
21	F	12	YOR283W
21	G	1	YOR284W
21	G	2	YOR285W
21	G	3	YOR286W
21	G	4	YOR288C
21	G	5	YJL218W
21	G	6	YJL217W
21	G	7	YJL216C
21	G	8	YJL215C
21	G	9	YJL214W
21	G	10	YJL212C
21	G	11	wild-type
21	G	12	YJL210W
21	H	1	YJL211C
21	H	2	blank
21	H	3	YJL209W
21	H	4	YJL208C
21	H	5	YJL207C
21	H	6	wild-type
21	H	7	YJL206C
21	H	8	YJL206C-A
21	H	9	wild-type
21	H	10	YJL201W
21	H	11	YJL200C
21	H	12	YJL199C
22	A	1	YJL198W
22	A	2	YJL197W
22	A	3	YJL196C
22	A	4	wild-type
22	A	5	YJL193W
22	A	6	YJL192C
22	A	7	YJL191W
22	A	8	YJL190C
22	A	9	YJL189W
22	A	10	YJL188C
22	A	11	YJL187C
22	A	12	YJL186W
22	B	1	YJL181W
22	B	2	YJL182C
22	B	3	YJL180C
22	B	4	YJL179W
22	B	5	YJL178C
22	B	6	YJL172W
22	B	7	YJL171C
22	B	8	YJL170C
22	B	9	YJL169W
22	B	10	blank
22	B	11	YJL168C
22	B	12	YJL166W
22	C	1	YJL165C
22	C	2	YJL164C
22	C	3	YJL163C
22	C	4	YJL162C
22	C	5	YJL161W
22	C	6	YJL159W
22	C	7	YJL158C
22	C	8	wild-type
22	C	9	YJL157C
22	C	10	blank
22	C	11	YJL153C
22	C	12	wild-type
22	D	1	YJL152W
22	D	2	wild-type
22	D	3	YJL150W
22	D	4	YJL149W
22	D	5	wild-type
22	D	6	YJL148W
22	D	7	YJL147C
22	D	8	YJL146W
22	D	9	YJL145W
22	D	10	YJL144W
22	D	11	YJL142C
22	D	12	YJL139C
22	E	1	wild-type
22	E	2	YJL138C
22	E	3	YJL135W
22	E	4	YJL134W
22	E	5	YJL133W
22	E	6	YJL132W
22	E	7	YJL131C
22	E	8	YJL129C
22	E	9	YLR324W
22	E	10	YLR325C
22	E	11	YLR326W
22	E	12	YLR327C
22	F	1	YLR328W
22	F	2	YLR330W
22	F	3	wild-type
22	F	4	YLR331C
22	F	5	YLR333C
22	F	6	YLR335W
22	F	7	wild-type
22	F	8	YLR342W
22	F	9	YLR344W
22	F	10	YLR345W
22	F	11	YLR348C
22	F	12	YLR349W
22	G	1	YLR350W
22	G	2	YLR351C
22	G	3	YLR352W
22	G	4	YLR353W
22	G	5	YLR356W
22	G	6	YLR363C
22	G	7	YLR364W
22	G	8	YLR365W
22	G	9	YLR366W
22	G	10	YLR367W
22	G	11	wild-type
22	G	12	YLR372W
22	H	1	YLR375W
22	H	2	blank
22	H	3	YLR376C
22	H	4	YLR377C
22	H	5	YLR380W
22	H	6	wild-type
22	H	7	YLR381W
22	H	8	YLR384C
22	H	9	wild-type
22	H	10	YLR385C
22	H	11	YLR388W
22	H	12	YLR390W
23	A	1	YLR393W
23	A	2	YLR398C
23	A	3	YLR400W
23	A	4	wild-type
23	A	5	YLR401C
23	A	6	YLR402W
23	A	7	YLR404W
23	A	8	YLR405W
23	A	9	YLR407W
23	A	10	YLR408C
23	A	11	YLR412W
23	A	12	YLR415C
23	B	1	YLR416C
23	B	2	YLR417W
23	B	3	YLR418C
23	B	4	YLR421C
23	B	5	YLR228C
23	B	6	YLR232W
23	B	7	YLR233C
23	B	8	YLR234W
23	B	9	YLR235C
23	B	10	wild-type
23	B	11	blank
23	B	12	YLR236C
23	C	1	YLR238W
23	C	2	YLR239C
23	C	3	YLR241W
23	C	4	YLR242C
23	C	5	YLR247C
23	C	6	YLR248W
23	C	7	YLR250W
23	C	8	wild-type
23	C	9	YLR252W
23	C	10	YLR253W
23	C	11	YLR254C
23	C	12	wild-type
23	D	1	YLR255C
23	D	2	wild-type
23	D	3	YLR257W
23	D	4	YLR258W
23	D	5	wild-type
23	D	6	YLR260W
23	D	7	YLR261C
23	D	8	YLR262C
23	D	9	YLR263W
23	D	10	YLR264W
23	D	11	YLR265C
23	D	12	YLR266C
23	E	1	wild-type
23	E	2	YLR267W
23	E	3	YLR268W
23	E	4	YLR269C
23	E	5	YLR270W
23	E	6	YLR271W
23	E	7	YLR273C
23	E	8	YLR278C
23	E	9	YLR279W
23	E	10	YLR280C
23	E	11	YLR281C
23	E	12	YLR282C
23	F	1	YLR283W
23	F	2	YLR284C
23	F	3	wild-type
23	F	4	YLR285W
23	F	5	YLR287C
23	F	6	YLR287-A
23	F	7	wild-type
23	F	8	YLR288C
23	F	9	YLR289W
23	F	10	YLR290C
23	F	11	YLR312C
23	F	12	YLR312W-A
23	G	1	YLR313C
23	G	2	YLR315W
23	G	3	YLR318W
23	G	4	YLR319C
23	G	5	YDR148C
23	G	6	YDR149C
23	G	7	YDR150W
23	G	8	YDR151C
23	G	9	YDR152W
23	G	10	YDR153C
23	G	11	wild-type
23	G	12	YDR155C
23	H	1	YDR161W
23	H	2	blank
23	H	3	YDR162C
23	H	4	YDR163W
23	H	5	YDR165W
23	H	6	wild-type
23	H	7	YDR169C
23	H	8	YDR181C
23	H	9	wild-type
23	H	10	YDR183W
23	H	11	YDR184C
23	H	12	YDR185C
24	A	1	YDR199W
24	A	2	YDR203W
24	A	3	YDR204W
24	A	4	wild-type
24	A	5	YDR206W
24	A	6	YDR207C
24	A	7	YDR210W
24	A	8	YDR213W
24	A	9	YDR225W
24	A	10	YDR231C
24	A	11	YDR233C
24	A	12	blank
24	B	1	YGL203C
24	B	2	YGL205W
24	B	3	YGL208W
24	B	4	YGL209W
24	B	5	YGL210W
24	B	6	YGL212W
24	B	7	YGL213C
24	B	8	YGL214W
24	B	9	YGL215W
24	B	10	wild-type
24	B	11	YGL217C
24	B	12	blank
24	C	1	YGL220W
24	C	2	YGL221C
24	C	3	YGL222C
24	C	4	YGL226C-A
24	C	5	YGL226W
24	C	6	YGL227W
24	C	7	YGL229C
24	C	8	wild-type
24	C	9	YGL230C
24	C	10	YGL232W
24	C	11	YGL236C
24	C	12	wild-type
24	D	1	YGL241W
24	D	2	wild-type
24	D	3	YGL242C
24	D	4	YGL243W
24	D	5	wild-type
24	D	6	YGL248W
24	D	7	YGL249W
24	D	8	YGL250W
24	D	9	YGL251C
24	D	10	YGL252C
24	D	11	YGL254W
24	D	12	YGL255W
24	E	1	wild-type
24	E	2	YGL256W
24	E	3	YGL257C
24	E	4	YGL259W
24	E	5	YGL261C
24	E	6	YGL262W
24	E	7	YGL263W
24	E	8	YGR001C
24	E	9	YGR003W
24	E	10	YGR004W
24	E	11	YGR007W
24	E	12	YGR008C
24	F	1	YGR010W
24	F	2	YGR012W
24	F	3	wild-type
24	F	4	YGR023W
24	F	5	YGR026W
24	F	6	YPL091W
24	F	7	wild-type
24	F	8	YPL090C
24	F	9	YPL089C
24	F	10	YPL087W
24	F	11	YPL086C
24	F	12	YPL080C
24	G	1	YPL077C
24	G	2	YPL074W
24	G	3	YPL072W
24	G	4	YPL071C
24	G	5	YPL068C
24	G	6	YPL067C
24	G	7	YPL062W
24	G	8	YPL061W
24	G	9	YPL060W
24	G	10	YPL058C
24	G	11	wild-type
24	G	12	YPL057C
24	H	1	YPL056C
24	H	2	blank
24	H	3	YPL055C
24	H	4	YPL054W
24	H	5	YPL053C
24	H	6	wild-type
24	H	7	YPL052W
24	H	8	YPL051W
24	H	9	wild-type
24	H	10	YPL047W
24	H	11	YPL046C
24	H	12	YPL042C
25	A	1	YPL041C
25	A	2	YPL040C
25	A	3	YPL037C
25	A	4	wild-type
25	A	5	YPL033C
25	A	6	YPL032C
25	A	7	YPL029W
25	A	8	YPL026C
25	A	9	YPL025C
25	A	10	YPL023C
25	A	11	YPL022W
25	A	12	YPL021W
25	B	1	YPL019C
25	B	2	YPL018W
25	B	3	YPL015C
25	B	4	YPL014W
25	B	5	YPL013C
25	B	6	YPL008W
25	B	7	YPL005W
25	B	8	YPL003W
25	B	9	YPL002C
25	B	10	wild-type
25	B	11	YPL001W
25	B	12	YPR001W
25	C	1	blank
25	C	2	YPR002W
25	C	3	YPR003C
25	C	4	YPR004C
25	C	5	YPR005C
25	C	6	YPR106W
25	C	7	YPR109W
25	C	8	wild-type
25	C	9	YPR111W
25	C	10	YPR114W
25	C	11	YPR115W
25	C	12	wild-type
25	D	1	YPR116W
25	D	2	wild-type
25	D	3	YPR117W
25	D	4	YPR119W
25	D	5	wild-type
25	D	6	YPR120C
25	D	7	YPR121W
25	D	8	YPR122W
25	D	9	YPR123C
25	D	10	YPR124W
25	D	11	YPR125W
25	D	12	YPR126C
25	E	1	wild-type
25	E	2	YPR127W
25	E	3	YPR128C
25	E	4	YPR129W
25	E	5	YPR130C
25	E	6	YOL151W
25	E	7	YPR132W
25	E	8	YPR134W
25	E	9	YPR135W
25	E	10	YPR138C
25	E	11	YPR140W
25	E	12	YPR145W
25	F	1	YPR146C
25	F	2	YPR147C
25	F	3	wild-type
25	F	4	YPR148C
25	F	5	YPR149W
25	F	6	YPR150W
25	F	7	wild-type
25	F	8	YPR152C
25	F	9	YPR153W
25	F	10	YPR154W
25	F	11	YPR155C
25	F	12	YPR156C
25	G	1	YPR157W
25	G	2	YPR158W
25	G	3	YPR159W
25	G	4	YPR160W
25	G	5	YPR163C
25	G	6	YPR164W
25	G	7	YPR179C
25	G	8	YPR192W
25	G	9	YPR193C
25	G	10	YPR194C
25	G	11	wild-type
25	G	12	YPR196W
25	H	1	YPR197C
25	H	2	blank
25	H	3	YPR198W
25	H	4	YPR199C
25	H	5	YPR201W
25	H	6	wild-type
25	H	7	YCR091W
25	H	8	YCR092C
25	H	9	wild-type
25	H	10	YCR094W
25	H	11	YCR098C
25	H	12	YCR099C
26	A	1	YCR100C
26	A	2	YCR102C
26	A	3	YCR106W
26	A	4	wild-type
26	A	5	YDR363W-A
26	A	6	YDR525W-A
26	A	7	YDR535C
26	A	8	YDR536W
26	A	9	YDR538W
26	A	10	YDR540C
26	A	11	YDR541C
26	A	12	YER039C-A
26	B	1	YER091C-A
26	B	2	YER144C
26	B	3	YER188W
26	B	4	YFL034C-A
26	B	5	YFR032C
26	B	6	YFR032C-A
26	B	7	YFR033C
26	B	8	YFR034C
26	B	9	YFR035C
26	B	10	wild-type
26	B	11	YFR036W
26	B	12	YFR040W
26	C	1	YFR043C
26	C	2	blank
26	C	3	YFR044C
26	C	4	YFR046C
26	C	5	YFR047C
26	C	6	YFR048W
26	C	7	YFR049W
26	C	8	wild-type
26	C	9	YFR053C
26	C	10	YFR054C
26	C	11	YFR055W
26	C	12	wild-type
26	D	1	YFR056C
26	D	2	wild-type
26	D	3	YFR057W
26	D	4	YGR220C
26	D	5	wild-type
26	D	6	YGR221C
26	D	7	YGR223C
26	D	8	YGR224W
26	D	9	YGR226C
26	D	10	YGR227W
26	D	11	YGR228W
26	D	12	YGR230W
26	E	1	wild-type
26	E	2	YGR232W
26	E	3	YGR233C
26	E	4	YGR234W
26	E	5	YGR235C
26	E	6	YGR236C
26	E	7	YGR237C
26	E	8	YGR240C
26	E	9	YGR241C
26	E	10	YGR242W
26	E	11	YGR243W
26	E	12	YGR247W
26	F	1	YGR249W
26	F	2	YBL001C
26	F	3	wild-type
26	F	4	YBL037W
26	F	5	YBL038W
26	F	6	YBL042C
26	F	7	wild-type
26	F	8	YBL043W
26	F	9	YBL045C
26	F	10	YBL046W
26	F	11	YBL051C
26	F	12	YBL052C
26	G	1	YBL053W
26	G	2	YBL054W
26	G	3	YBL079W
26	G	4	YBL081W
26	G	5	YBL083C
26	G	6	YBL089W
26	G	7	YPL158C
26	G	8	YBL094C
26	G	9	YGL005C
26	G	10	YGL006W
26	G	11	wild-type
26	G	12	YGL007W
26	H	1	YGL014W
26	H	2	blank
26	H	3	YGL017W
26	H	4	YGL019W
26	H	5	YGL021W
26	H	6	wild-type
26	H	7	YGL024W
26	H	8	YGL025C
26	H	9	wild-type
26	H	10	YGL037C
26	H	11	YGL046W
26	H	12	YGL053W
27	A	1	YGL056C
27	A	2	YGL072C
27	A	3	YGL076C
27	A	4	wild-type
27	A	5	YGL077C
27	A	6	YGL079W
27	A	7	YGL083W
27	A	8	YGL085W
27	A	9	YGL086W
27	A	10	YGL087C
27	A	11	YGL089C
27	A	12	YGL090W
27	B	1	YGL094C
27	B	2	YGL096W
27	B	3	YNL242W
27	B	4	YNL238W
27	B	5	YNL237W
27	B	6	YNL234W
27	B	7	YNL233W
27	B	8	YNL231C
27	B	9	YNL229C
27	B	10	wild-type
27	B	11	YNL226W
27	B	12	YNL227C
27	C	1	YNL224C
27	C	2	YNL223W
27	C	3	blank
27	C	4	YNL217W
27	C	5	YNL215W
27	C	6	YNL214W
27	C	7	YNL213C
27	C	8	wild-type
27	C	9	YNL212W
27	C	10	YNL211C
27	C	11	YNL208W
27	C	12	wild-type
27	D	1	YNL206C
27	D	2	wild-type
27	D	3	YNL205C
27	D	4	YNL204C
27	D	5	wild-type
27	D	6	YNL202W
27	D	7	YNL203C
27	D	8	YNL201C
27	D	9	YNL200C
27	D	10	YNL199C
27	D	11	YNL196C
27	D	12	YNL195C
27	E	1	wild-type
27	E	2	YNL194C
27	E	3	YNL193W
27	E	4	YNL192W
27	E	5	YNL191W
27	E	6	YNL190W
27	E	7	YNL187W
27	E	8	blank
27	E	9	YNL183C
27	E	10	YNL179C
27	E	11	YNL177C
27	E	12	YNL176C
27	F	1	YNL173C
27	F	2	YNL168C
27	F	3	wild-type
27	F	4	YNL167C
27	F	5	YNL164C
27	F	6	YNL160W
27	F	7	wild-type
27	F	8	YNL159C
27	F	9	YNL157W
27	F	10	YNL154C
27	F	11	YNL148C
27	F	12	YKL191W
27	G	1	YKL199C
27	G	2	YKL200C
27	G	3	YKL205W
27	G	4	YKL206C
27	G	5	YKL207W
27	G	6	YKL208W
27	G	7	YKL214C
27	G	8	YKL217W
27	G	9	YKL218C
27	G	10	YKL221W
27	G	11	wild-type
27	G	12	YKL222C
27	H	1	YKR001C
27	H	2	blank
27	H	3	YKR003W
27	H	4	YKR005C
27	H	5	YKR007W
27	H	6	wild-type
27	H	7	YKR009C
27	H	8	YKR011C
27	H	9	wild-type
27	H	10	YKR012C
27	H	11	YKR013W
27	H	12	YKR014C
28	A	1	YKR015C
28	A	2	YKR016W
28	A	3	YKR017C
28	A	4	wild-type
28	A	5	YKR018C
28	A	6	YKR020W
28	A	7	YKR021W
28	A	8	YKR024C
28	A	9	YKR026C
28	A	10	YKR030W
28	A	11	YKR031C
28	A	12	YKR032W
28	B	1	YKR033C
28	B	2	YKR035C
28	B	3	YKR042W
28	B	4	YKR043C
28	B	5	YKR044W
28	B	6	YKR045C
28	B	7	YKR047W
28	B	8	YKR048C
28	B	9	YKR049C
28	B	10	wild-type
28	B	11	YKR050W
28	B	12	YKR051W
28	C	1	YKR052C
28	C	2	YKR056W
28	C	3	YKR057W
28	C	4	blank
28	C	5	YKR058W
28	C	6	YKR059W
28	C	7	YKR060W
28	C	8	wild-type
28	C	9	YKR061W
28	C	10	YKR064W
28	C	11	YKR065C
28	C	12	wild-type
28	D	1	YDR244W
28	D	2	wild-type
28	D	3	YDR247W
28	D	4	YDR248C
28	D	5	wild-type
28	D	6	YDR249C
28	D	7	YDR250C
28	D	8	YDR251W
28	D	9	YDR252W
28	D	10	YDR253C
28	D	11	YDR254W
28	D	12	YDR255C
28	E	1	wild-type
28	E	2	YDR256C
28	E	3	YDR257C
28	E	4	YDR258C
28	E	5	YDR259C
28	E	6	YDR260C
28	E	7	YDR261C
28	E	8	YDR262W
28	E	9	YDR263C
28	E	10	YDR264C
28	E	11	YDR265W
28	E	12	YDR266C
28	F	1	YDR269C
28	F	2	YDR270W
28	F	3	wild-type
28	F	4	YDR271C
28	F	5	YDR272W
28	F	6	YDR273W
28	F	7	wild-type
28	F	8	YDR274C
28	F	9	YDR275W
28	F	10	YDR276C
28	F	11	YDR277C
28	F	12	YDR278C
28	G	1	YDR279W
28	G	2	YDR281C
28	G	3	YDR282C
28	G	4	YDR285W
28	G	5	YDR286C
28	G	6	YDR287W
28	G	7	YDR289C
28	G	8	YDR291W
28	G	9	YDR293C
28	G	10	YDR295C
28	G	11	wild-type
28	G	12	YDR297W
28	H	1	YDR298C
28	H	2	blank
28	H	3	YDR304C
28	H	4	YDR305C
28	H	5	YDR306C
28	H	6	wild-type
28	H	7	YDR307W
28	H	8	YDR309C
28	H	9	wild-type
28	H	10	YDR314C
28	H	11	YDR316W
28	H	12	YDR317W
29	A	1	YDR319C
29	A	2	YDR320C
29	A	3	YDR321W
29	A	4	wild-type
29	A	5	YDR322W
29	A	6	YDR323C
29	A	7	YDR329C
29	A	8	YDR330W
29	A	9	YDR332W
29	A	10	YDR334W
29	A	11	YDR335W
29	A	12	YDR336W
29	B	1	YDR337W
29	B	2	YIL001W
29	B	3	YIL002C
29	B	4	YIL005W
29	B	5	YIL011W
29	B	6	YIL012W
29	B	7	YIL016W
29	B	8	YIL017C
29	B	9	YIL024C
29	B	10	wild-type
29	B	11	YIL025C
29	B	12	YIL027C
29	C	1	YIL028W
29	C	2	YIL029C
29	C	3	YIL032C
29	C	4	YIL034C
29	C	5	blank
29	C	6	YIL035C
29	C	7	YIL036W
29	C	8	wild-type
29	C	9	YIL037C
29	C	10	YIL039W
29	C	11	YIL040W
29	C	12	wild-type
29	D	1	YIL043C
29	D	2	wild-type
29	D	3	YIL044C
29	D	4	YIL045W
29	D	5	wild-type
29	D	6	YIL049W
29	D	7	YIL050W
29	D	8	YIL053W
29	D	9	YIL057C
29	D	10	YIL064W
29	D	11	YIL065C
29	D	12	YIL072W
29	E	1	wild-type
29	E	2	YIL073C
29	E	3	YIL097W
29	E	4	YIL038C
29	E	5	YIL055C
29	E	6	YIL060W
29	E	7	YFL011W
29	E	8	YFL034W
29	E	9	YFL049W
29	E	10	YFL050C
29	E	11	YFL051C
29	E	12	YFR009W
29	F	1	YFR010W
29	F	2	YFR012W
29	F	3	wild-type
29	F	4	YFR023W
29	F	5	YFR024C-A
29	F	6	YFR026C
29	F	7	wild-type
29	F	8	YFR031C-A
29	F	9	YGR268C
29	F	10	YGR269W
29	F	11	YGR270W
29	F	12	YGR275W
29	G	1	YGR279C
29	G	2	YGR281W
29	G	3	YGR282C
29	G	4	YGR283C
29	G	5	YGR284C
29	G	6	YGR285C
29	G	7	YGR286C
29	G	8	YGR287C
29	G	9	YGR288W
29	G	10	YGR290W
29	G	11	wild-type
29	G	12	YHR021W-A
29	H	1	YHR079C-B
29	H	2	blank
29	H	3	YIL009C-A
29	H	4	YIR018W
29	H	5	YIR019C
29	H	6	wild-type
29	H	7	YIR020C
29	H	8	YIR020W-B
29	H	9	wild-type
29	H	10	YIR024C
29	H	11	YIR025W
29	H	12	YIR026C
30	A	1	YIR027C
30	A	2	YIR028W
30	A	3	YIR029W
30	A	4	wild-type
30	A	5	YIR031C
30	A	6	YIR033W
30	A	7	YIR035C
30	A	8	YIR036C
30	A	9	YIR037W
30	A	10	YIR038C
30	A	11	YIR039C
30	A	12	YIR042C
30	B	1	YKL162C-A
30	B	2	YKR035W-A
30	B	3	YKR066C
30	B	4	YKR067W
30	B	5	YKR070W
30	B	6	YKR072C
30	B	7	YKR073C
30	B	8	YKR074W
30	B	9	YKR075C
30	B	10	wild-type
30	B	11	YKR076W
30	B	12	YKR077W
30	C	1	YKR080W
30	C	2	YKR082W
30	C	3	YKR084C
30	C	4	YMR062C
30	C	5	YMR063W
30	C	6	blank
30	C	7	YMR065W
30	C	8	wild-type
30	C	9	YMR067C
30	C	10	YMR068W
30	C	11	YMR069W
30	C	12	wild-type
30	D	1	YMR070W
30	D	2	wild-type
30	D	3	YMR071C
30	D	4	YMR075C-A
30	D	5	wild-type
30	D	6	YMR075W
30	D	7	YMR077C
30	D	8	YMR078C
30	D	9	YMR080C
30	D	10	YMR081C
30	D	11	YMR082C
30	D	12	YMR083W
30	E	1	wild-type
30	E	2	YMR085W
30	E	3	YMR086C-A
30	E	4	YMR086W
30	E	5	YMR087W
30	E	6	YMR088C
30	E	7	YMR089C
30	E	8	YMR090W
30	E	9	YMR092C
30	E	10	YNR070W
30	E	11	YNR071C
30	E	12	YNR072W
30	F	1	YNR073C
30	F	2	YNR074C
30	F	3	wild-type
30	F	4	YOL013W-A
30	F	5	YOL087C
30	F	6	YOL088C
30	F	7	wild-type
30	F	8	YOL089C
30	F	9	YOL090W
30	F	10	YOL091W
30	F	11	YOL092W
30	F	12	YOL093W
30	G	1	YOL096C
30	G	2	YOL098C
30	G	3	YOL099C
30	G	4	YOL100W
30	G	5	YOL101C
30	G	6	YOL103W
30	G	7	YOL104C
30	G	8	YOL105C
30	G	9	YOL106W
30	G	10	YOL107W
30	G	11	wild-type
30	G	12	YOL108C
30	H	1	YOL110W
30	H	2	blank
30	H	3	YOL111C
30	H	4	YOL112W
30	H	5	YOL113W
30	H	6	wild-type
30	H	7	YOL114C
30	H	8	YOL115W
30	H	9	wild-type
30	H	10	YOL116W
30	H	11	YOL117W
30	H	12	YOL118C
31	A	1	YOL119C
31	A	2	YOL122C
31	A	3	YOL124C
31	A	4	wild-type
31	A	5	YOL126C
31	A	6	YOL128C
31	A	7	YOL129W
31	A	8	YOL131W
31	A	9	YOL132W
31	A	10	YOL136C
31	A	11	YOL137W
31	A	12	YOL138C
31	B	1	YBR232C
31	B	2	YER064C
31	B	3	YER077C
31	B	4	YER078C
31	B	5	YER088C
31	B	6	YER092W
31	B	7	YER093C-A
31	B	8	YER095W
31	B	9	YER096W
31	B	10	wild-type
31	B	11	YER097W
31	B	12	YER098W
31	C	1	YGR134W
31	C	2	YGR210C
31	C	3	YHL024W
31	C	4	YHR016C
31	C	5	YHR017W
31	C	6	YHR032W
31	C	7	blank
31	C	8	wild-type
31	C	9	YHR045W
31	C	10	YHR064C
31	C	11	YHR140W
31	C	12	wild-type
31	D	1	YHR162W
31	D	2	wild-type
31	D	3	YHR168W
31	D	4	YHR181W
31	D	5	wild-type
31	D	6	YHR191C
31	D	7	YHR193C
31	D	8	YLL030C
31	D	9	YLL044W
31	D	10	YLL048C
31	D	11	YLL049W
31	D	12	YLL059C
31	E	1	wild-type
31	E	2	YLR030W
31	E	3	YLR032W
31	E	4	YLR034C
31	E	5	YLR035C
31	E	6	YLR036C
31	E	7	YLR037C
31	E	8	YLR038C
31	E	9	YLR039C
31	E	10	YLR040C
31	E	11	YLR041W
31	E	12	YLR050C
31	F	1	YLR052W
31	F	2	YMR158W
31	F	3	wild-type
31	F	4	YMR171C
31	F	5	YMR181C
31	F	6	YMR209C
31	F	7	wild-type
31	F	8	YMR271C
31	F	9	YMR279C
31	F	10	YMR306W
31	F	11	YMR311C
31	F	12	YMR312W
31	G	1	YMR313C
31	G	2	YMR315W
31	G	3	YMR316C-A
31	G	4	YMR317W
31	G	5	YMR318C
31	G	6	YMR319C
31	G	7	YMR320W
31	G	8	YNL250W
31	G	9	YNL252C
31	G	10	YNL279W
31	G	11	wild-type
31	G	12	YNL300W
31	H	1	YNL316C
31	H	2	blank
31	H	3	YOL016C
31	H	4	YOR096W
31	H	5	YOR306C
31	H	6	wild-type
31	H	7	YOR317W
31	H	8	YML070W
31	H	9	wild-type
31	H	10	YML074C
31	H	11	YML090W
31	H	12	YML094W
32	A	1	YML095C
32	A	2	YML095C-A
32	A	3	YML096W
32	A	4	wild-type
32	A	5	YML097C
32	A	6	YML099C
32	A	7	YML100W
32	A	8	YML100W-A
32	A	9	YML101C
32	A	10	YML102C-A
32	A	11	YML102W
32	A	12	YML103C
32	B	1	YML106W
32	B	2	YML108W
32	B	3	YML109W
32	B	4	YML113W
32	B	5	YML116W
32	B	6	YML117W
32	B	7	YML117W-A
32	B	8	YML118W
32	B	9	YML119W
32	B	10	wild-type
32	B	11	YML120C
32	B	12	YML121W
32	C	1	YML124C
32	C	2	YML128C
32	C	3	YML131W
32	C	4	YMR004W
32	C	5	YMR095C
32	C	6	YMR096W
32	C	7	YMR099C
32	C	8	blank
32	C	9	YMR100W
32	C	10	YMR101C
32	C	11	YMR102C
32	C	12	wild-type
32	D	1	YMR105C
32	D	2	wild-type
32	D	3	YMR106C
32	D	4	YMR107W
32	D	5	wild-type
32	D	6	YMR109W
32	D	7	YMR110C
32	D	8	YMR111C
32	D	9	YMR114C
32	D	10	YMR115W
32	D	11	YMR116C
32	D	12	YMR119W-A
32	E	1	wild-type
32	E	2	YMR120C
32	E	3	YMR121C
32	E	4	YMR122C
32	E	5	YMR123W
32	E	6	YMR124W
32	E	7	YMR125W
32	E	8	YMR126C
32	E	9	YMR127C
32	E	10	YMR129W
32	E	11	YMR130W
32	E	12	YMR132C
32	F	1	YMR133W
32	F	2	YMR135C
32	F	3	wild-type
32	F	4	YPR009W
32	F	5	YPR012W
32	F	6	YPR014C
32	F	7	wild-type
32	F	8	YPR015C
32	F	9	YPR017C
32	F	10	YPR018W
32	F	11	YPR020W
32	F	12	YPR027C
32	G	1	YPR028W
32	G	2	YPR029C
32	G	3	YPR038W
32	G	4	YPR039W
32	G	5	YPR040W
32	G	6	YPR045C
32	G	7	YPR053C
32	G	8	YPR054W
32	G	9	YPR057W
32	G	10	YPR059C
32	G	11	wild-type
32	G	12	blank
32	H	1	YPR061C
32	H	2	blank
32	H	3	YPR062W
32	H	4	YPR063C
32	H	5	YPR065W
32	H	6	wild-type
32	H	7	YPR066W
32	H	8	YPR068C
32	H	9	wild-type
32	H	10	YPR069C
32	H	11	YPR070W
32	H	12	YPR071W
33	A	1	YPR073C
33	A	2	YPR074C
33	A	3	YPR075C
33	A	4	wild-type
33	A	5	YPR076W
33	A	6	YPR077C
33	A	7	YPR079W
33	A	8	YPR084W
33	A	9	YPR090W
33	A	10	YPR092W
33	A	11	YPR093C
33	A	12	YPR095C
33	B	1	YPR096C
33	B	2	YPR097W
33	B	3	blank
33	B	4	YPR101W
33	B	5	YJL127C
33	B	6	YJL126W
33	B	7	YJL124C
33	B	8	YJL123C
33	B	9	YJL122W
33	B	10	wild-type
33	B	11	YJL120W
33	B	12	YJL121C
33	C	1	YJL118W
33	C	2	YJL119C
33	C	3	YJL117W
33	C	4	YJL116C
33	C	5	YJL115W
33	C	6	YJL112W
33	C	7	YJL110C
33	C	8	wild-type
33	C	9	blank
33	C	10	YJL108C
33	C	11	YJL107C
33	C	12	wild-type
33	D	1	YJL106W
33	D	2	wild-type
33	D	3	YJL100W
33	D	4	YJL099W
33	D	5	wild-type
33	D	6	YJL098W
33	D	7	YJL095W
33	D	8	YJL093C
33	D	9	YJL092W
33	D	10	YJL089W
33	D	11	YJL084C
33	D	12	YJL083W
33	E	1	wild-type
33	E	2	YJL082W
33	E	3	YJL079C
33	E	4	YJL077C
33	E	5	YJL073W
33	E	6	YJL068C
33	E	7	YJL067W
33	E	8	YJL066C
33	E	9	YJL064W
33	E	10	YJL065C
33	E	11	YJL063C
33	E	12	YJL062W
33	F	1	YJL060W
33	F	2	YJL058C
33	F	3	wild-type
33	F	4	blank
33	F	5	blank
33	F	6	YJL056C
33	F	7	wild-type
33	F	8	YJL055W
33	F	9	YJL053W
33	F	10	YJL052W
33	F	11	YJL051W
33	F	12	YJL049W
33	G	1	YJL048C
33	G	2	YJL046W
33	G	3	YJL045W
33	G	4	YJL044C
33	G	5	YJL043W
33	G	6	YJL038C
33	G	7	YJL037W
33	G	8	YJL036W
33	G	9	YJL030W
33	G	10	YEL012W
33	G	11	wild-type
33	G	12	YER031C
33	H	1	YER046W
33	H	2	blank
33	H	3	YER063W
33	H	4	YER066W
33	H	5	YGR188C
33	H	6	wild-type
33	H	7	YGR201C
33	H	8	YHL002W
33	H	9	wild-type
33	H	10	YHL011C
33	H	11	YHL039W
33	H	12	YHR003C
34	A	1	YHR004C
34	A	2	YHR006W
34	A	3	YHR008C
34	A	4	wild-type
34	A	5	YHR009C
34	A	6	YHR025W
34	A	7	YHR026W
34	A	8	YHR041C
34	A	9	YHR059W
34	A	10	YHR127W
34	A	11	YHR131C
34	A	12	YHR180W
34	B	1	YHR185C
34	B	2	YHR194W
34	B	3	YLL007C
34	B	4	YMR154C
34	B	5	YNL274C
34	B	6	YOL141W
34	B	7	YOL150C
34	B	8	YOL158C
34	B	9	YOL159C
34	B	10	wild-type
34	B	11	YOL160W
34	B	12	YOL162W
34	C	1	YOL163W
34	C	2	YJR073C
34	C	3	YJR075W
34	C	4	YJR078W
34	C	5	YJR079W
34	C	6	YJR083C
34	C	7	YJR092W
34	C	8	wild-type
34	C	9	YJR103W
34	C	10	blank
34	C	11	YJR105W
34	C	12	wild-type
34	D	1	YJR108W
34	D	2	wild-type
34	D	3	YJR110W
34	D	4	YJR111C
34	D	5	wild-type
34	D	6	YJR115W
34	D	7	YJR127C
34	D	8	YJR128W
34	D	9	YJR135C
34	D	10	YJR137C
34	D	11	YJR146W
34	D	12	YJR147W
34	E	1	wild-type
34	E	2	YJR149W
34	E	3	YJR152W
34	E	4	YJR154W
34	E	5	YKR087C
34	E	6	YKR089C
34	E	7	YKR092C
34	E	8	YKR093W
34	E	9	YKR097W
34	E	10	YKR098C
34	E	11	YKR099W
34	E	12	YKR101W
34	F	1	blank
34	F	2	YKR104W
34	F	3	wild-type
34	F	4	YLR262C-A
34	F	5	YLR422W
34	F	6	YLR423C
34	F	7	wild-type
34	F	8	YLR425W
34	F	9	YLR426W
34	F	10	YLR427W
34	F	11	YLR428C
34	F	12	YLR429W
34	G	1	YLR431C
34	G	2	YLR432W
34	G	3	YLR433C
34	G	4	YLR434C
34	G	5	YLR435W
34	G	6	YLR436C
34	G	7	YLR437C
34	G	8	YLR438W
34	G	9	YLR441C
34	G	10	YLR443W
34	G	11	wild-type
34	G	12	YLR444C
34	H	1	YLR446W
34	H	2	blank
34	H	3	YLR448W
34	H	4	YLR450W
34	H	5	YLR452C
34	H	6	wild-type
34	H	7	YLR453C
34	H	8	YLR454W
34	H	9	wild-type
34	H	10	YLR456W
34	H	11	YLR460C
34	H	12	YLR461W
35	A	1	YML009C
35	A	2	YML010C-B
35	A	3	YML021C
35	A	4	wild-type
35	A	5	YML081C-A
35	A	6	YMR060C
35	A	7	YMR158C-B
35	A	8	YMR326C
35	A	9	YNR032C-A
35	A	10	YNR051C
35	A	11	YNR056C
35	A	12	YNR057C
35	B	1	YNR058W
35	B	2	YNR059W
35	B	3	YNR060W
35	B	4	YNR061C
35	B	5	YNR062C
35	B	6	YNR063W
35	B	7	YNR064C
35	B	8	YNR065C
35	B	9	YNR066C
35	B	10	wild-type
35	B	11	YNR067C
35	B	12	YAL012W
35	C	1	YAL054C
35	C	2	YAL058C-A
35	C	3	YAR050W
35	C	4	YCL006C
35	C	5	YCL022C
35	C	6	YCL038C
35	C	7	YCL074W
35	C	8	wild-type
35	C	9	YCL075W
35	C	10	YCL076W
35	C	11	blank
35	C	12	wild-type
35	D	1	YGL199C
35	D	2	wild-type
35	D	3	YGL235W
35	D	4	YGR011W
35	D	5	wild-type
35	D	6	YGR018C
35	D	7	YGR022C
35	D	8	YGR025W
35	D	9	YJR069C
35	D	10	YJR070C
35	D	11	YJR077C
35	D	12	YJR080C
35	E	1	wild-type
35	E	2	YJR084W
35	E	3	YJR087W
35	E	4	YJR091C
35	E	5	YJR094C
35	E	6	YJR094W-A
35	E	7	YJR095W
35	E	8	YJR096W
35	E	9	YJR097W
35	E	10	YJR098C
35	E	11	YJR099W
35	E	12	YJR113C
35	F	1	YJR116W
35	F	2	YJR120W
35	F	3	wild-type
35	F	4	YJR121W
35	F	5	YJR124C
35	F	6	YJR125C
35	F	7	wild-type
35	F	8	YJR131W
35	F	9	YJR134C
35	F	10	YJR142W
35	F	11	YJR144W
35	F	12	YJR148W
35	G	1	YJR150C
35	G	2	YJR153W
35	G	3	YKL005C
35	G	4	YKL030W
35	G	5	YLR146C
35	G	6	YLR343W
35	G	7	YML067C
35	G	8	YML068W
35	G	9	YML072C
35	G	10	YMR136W
35	G	11	wild-type
35	G	12	YMR172W
35	H	1	YDL191W
35	H	2	blank
35	H	3	YDL192W
35	H	4	YDL197C
35	H	5	YDL199C
35	H	6	wild-type
35	H	7	YDL200C
35	H	8	YDL201W
35	H	9	wild-type
35	H	10	YDL203C
35	H	11	YDL204W
35	H	12	YDL206W
36	A	1	YDL210W
36	A	2	YDL211C
36	A	3	YDL213C
36	A	4	wild-type
36	A	5	YDL214C
36	A	6	YDL215C
36	A	7	YDL216C
36	A	8	YDL218W
36	A	9	YDL219W
36	A	10	YDL222C
36	A	11	YDL223C
36	A	12	YDL224C
36	B	1	YDL226C
36	B	2	YDL227C
36	B	3	YDL229W
36	B	4	YDL230W
36	B	5	YDL231C
36	B	6	YDL232W
36	B	7	YDL233W
36	B	8	YDL234C
36	B	9	YDL236W
36	B	10	wild-type
36	B	11	YDL237W
36	B	12	YDL238C
36	C	1	YDL239C
36	C	2	YDL240W
36	C	3	YDL241W
36	C	4	YDL242W
36	C	5	YDL243C
36	C	6	YDR001C
36	C	7	YDR003W
36	C	8	wild-type
36	C	9	YDR004W
36	C	10	YDR005C
36	C	11	YDR006C
36	C	12	blank
36	D	1	YDR010C
36	D	2	wild-type
36	D	3	YDR011W
36	D	4	YDR014W
36	D	5	wild-type
36	D	6	YDR015C
36	D	7	YDR017C
36	D	8	YDR018C
36	D	9	YDR019C
36	D	10	YDR020C
36	D	11	YDR022C
36	D	12	YDR024W
36	E	1	wild-type
36	E	2	YDR030C
36	E	3	YDR043C
36	E	4	blank
36	E	5	YCR045C
36	E	6	YCR077C
36	E	7	YCR079W
36	E	8	YCR085W
36	E	9	YJL021C
36	E	10	YJL022W
36	E	11	YJL023C
36	E	12	YJL024C
36	F	1	YJR014W
36	F	2	YJR015W
36	F	3	wild-type
36	F	4	YJR019C
36	F	5	YJR020W
36	F	6	YJR026W
36	F	7	wild-type
36	F	8	YJR030C
36	F	9	YJR031C
36	F	10	YJR033C
36	F	11	YJR035W
36	F	12	YJR036C
36	G	1	YJR043C
36	G	2	YJR048W
36	G	3	YJR049C
36	G	4	YJR051W
36	G	5	YJR052W
36	G	6	YJR053W
36	G	7	YJR054W
36	G	8	YJR056C
36	G	9	YJR058C
36	G	10	YJR059W
36	G	11	wild-type
36	G	12	YJR061W
36	H	1	YJR062C
36	H	2	blank
36	H	3	YDL096C
36	H	4	YDL099W
36	H	5	YDL100C
36	H	6	wild-type
36	H	7	YDL101C
36	H	8	YDL104C
36	H	9	wild-type
36	H	10	YDL106C
36	H	11	YDL107W
36	H	12	YDL109C
37	A	1	YDL110C
37	A	2	YDL112W
37	A	3	YDL113C
37	A	4	wild-type
37	A	5	YDL119C
37	A	6	YDL121C
37	A	7	YDL122W
37	A	8	YDL123W
37	A	9	YDL124W
37	A	10	YDL125C
37	A	11	YDL127W
37	A	12	YDL128W
37	B	1	YDL129W
37	B	2	YDL130W
37	B	3	YDL131W
37	B	4	YDL133W
37	B	5	YDL134C
37	B	6	YDL134C-A
37	B	7	YDL135C
37	B	8	YDL136W
37	B	9	YDL137W
37	B	10	wild-type
37	B	11	YDL138W
37	B	12	YDL142C
37	C	1	YDL144C
37	C	2	YDL146W
37	C	3	YDL149W
37	C	4	YDL151C
37	C	5	YDL154W
37	C	6	YDL155W
37	C	7	YDL156W
37	C	8	wild-type
37	C	9	YDL157C
37	C	10	YDL161W
37	C	11	YDL162C
37	C	12	wild-type
37	D	1	blank
37	D	2	wild-type
37	D	3	YDL168W
37	D	4	YDL169C
37	D	5	wild-type
37	D	6	YDL170W
37	D	7	YDL171C
37	D	8	YDL172C
37	D	9	YDL173W
37	D	10	YDL174C
37	D	11	YDL175C
37	D	12	YDL176W
37	E	1	wild-type
37	E	2	YDL177C
37	E	3	YDL178W
37	E	4	YDL179W
37	E	5	YDL180W
37	E	6	YDL183C
37	E	7	YDL184C
37	E	8	YDL187C
37	E	9	YDL188C
37	E	10	YDL189W
37	E	11	YDL190C
37	E	12	YOR300W
37	F	1	YOR309C
37	F	2	YOR325W
37	F	3	wild-type
37	F	4	YOR333C
37	F	5	YOR345C
37	F	6	YOR366W
37	F	7	wild-type
37	F	8	YOR379C
37	F	9	YNL001W
37	F	10	YNL004W
37	F	11	YNL005C
37	F	12	YNL008C
37	G	1	YNL009W
37	G	2	YNL010W
37	G	3	YNL012W
37	G	4	YNL013C
37	G	5	YNL015W
37	G	6	YNL016W
37	G	7	YNL020C
37	G	8	YNL021W
37	G	9	YNL022C
37	G	10	YNL023C
37	G	11	wild-type
37	G	12	YNL024C
37	H	1	YNL025C
37	H	2	blank
37	H	3	YNL027W
37	H	4	YNL028W
37	H	5	YNL029C
37	H	6	wild-type
37	H	7	YNL030W
37	H	8	YNL031C
37	H	9	wild-type
37	H	10	YNL032W
37	H	11	YNL034W
37	H	12	YNL035C
38	A	1	YNL037C
38	A	2	YNL040W
38	A	3	YNL041C
38	A	4	wild-type
38	A	5	YNL043C
38	A	6	YNL044W
38	A	7	YNL045W
38	A	8	YNL046W
38	A	9	YNL049C
38	A	10	YNL050C
38	A	11	YNR001C
38	A	12	YNR002C
38	B	1	YNR004W
38	B	2	YNR005C
38	B	3	YNR007C
38	B	4	YNR008W
38	B	5	YNR009W
38	B	6	YNR010W
38	B	7	YNR012W
38	B	8	YNR013C
38	B	9	YNR014W
38	B	10	wild-type
38	B	11	YNR015W
38	B	12	YNR018W
38	C	1	YNR019W
38	C	2	YNR020C
38	C	3	YNR021W
38	C	4	YNR022C
38	C	5	YNR024W
38	C	6	YNR025C
38	C	7	YNR027W
38	C	8	wild-type
38	C	9	YNR028W
38	C	10	YNR029C
38	C	11	YNR030W
38	C	12	wild-type
38	D	1	YNR031C
38	D	2	blank
38	D	3	YNR032W
38	D	4	YNR034W
38	D	5	wild-type
38	D	6	YNR039C
38	D	7	YNR040W
38	D	8	YNR041C
38	D	9	YNR042W
38	D	10	YNR045W
38	D	11	YNR047W
38	D	12	YNR048W
38	E	1	wild-type
38	E	2	YNR049C
38	E	3	YBL095W
38	E	4	YBL096C
38	E	5	YBL098W
38	E	6	YBL099W
38	E	7	YBL100C
38	E	8	YBL101C
38	E	9	YBL102W
38	E	10	YBL103C
38	E	11	YBL106C
38	E	12	YBL107C
38	F	1	YBR001C
38	F	2	YBR003W
38	F	3	wild-type
38	F	4	YBR005W
38	F	5	YBR006W
38	F	6	YBR007C
38	F	7	wild-type
38	F	8	YBR008C
38	F	9	YBR009C
38	F	10	YBR010W
38	F	11	YBR012C
38	F	12	YBR013C
38	G	1	YBR014C
38	G	2	YBR015C
38	G	3	YBR016W
38	G	4	YBR018C
38	G	5	YBR019C
38	G	6	YBR020W
38	G	7	YBR021W
38	G	8	YBR022W
38	G	9	YBR023C
38	G	10	YBR024W
38	G	11	wild-type
38	G	12	YBR025C
38	H	1	YBR026C
38	H	2	blank
38	H	3	YBR027C
38	H	4	YBR028C
38	H	5	YBR031W
38	H	6	wild-type
38	H	7	YBR032W
38	H	8	YBR033W
38	H	9	wild-type
38	H	10	YBR034C
38	H	11	YBR036C
38	H	12	YBR037C
39	A	1	YBR041W
39	A	2	YBR042C
39	A	3	YBR043C
39	A	4	wild-type
39	A	5	YBR044C
39	A	6	YBR045C
39	A	7	YBR046C
39	A	8	YBR047W
39	A	9	YBR048W
39	A	10	YBR050C
39	A	11	YBR051W
39	A	12	YBR052C
39	B	1	YBR053C
39	B	2	YBR054W
39	B	3	YBR056W
39	B	4	YBR057C
39	B	5	YBR058C
39	B	6	YBR059C
39	B	7	YBR061C
39	B	8	YBR063C
39	B	9	YBR064W
39	B	10	wild-type
39	B	11	YBR065C
39	B	12	YBR066C
39	C	1	YBR067C
39	C	2	YBR068C
39	C	3	YBR069C
39	C	4	YBR071W
39	C	5	YBR072W
39	C	6	YBR073W
39	C	7	YBR075W
39	C	8	wild-type
39	C	9	YBR076W
39	C	10	YBR077C
39	C	11	YNL146W
39	C	12	wild-type
39	D	1	YNL145W
39	D	2	wild-type
39	D	3	blank
39	D	4	YNL144C
39	D	5	wild-type
39	D	6	YNL143C
39	D	7	YNL141W
39	D	8	YNL139C
39	D	9	YNL136W
39	D	10	YNL135C
39	D	11	YNL134C
39	D	12	YNL133C
39	E	1	wild-type
39	E	2	YNL129W
39	E	3	YNL128W
39	E	4	YNL127W
39	E	5	YNL123W
39	E	6	YNL122C
39	E	7	YNL117W
39	E	8	YNL116W
39	E	9	YNL108C
39	E	10	YNL101W
39	E	11	YNL098C
39	E	12	YNL094W
39	F	1	YNL092W
39	F	2	YNL081C
39	F	3	wild-type
39	F	4	YNL077W
39	F	5	YNL064C
39	F	6	YNL063W
39	F	7	wild-type
39	F	8	YNL057W
39	F	9	YNL058C
39	F	10	YNL054W
39	F	11	YIL099W
39	F	12	YIL100W
39	G	1	YIL101C
39	G	2	YIL103W
39	G	3	YIL105C
39	G	4	YIL107C
39	G	5	YIL108W
39	G	6	YIL110W
39	G	7	YIL114C
39	G	8	YIL116W
39	G	9	YIL117C
39	G	10	YIL119C
39	G	11	wild-type
39	G	12	YIL120W
39	H	1	YIL123W
39	H	2	blank
39	H	3	YIL124W
39	H	4	YIL128W
39	H	5	YIL130W
39	H	6	wild-type
39	H	7	YIL134W
39	H	8	YIL135C
39	H	9	wild-type
39	H	10	YIL137C
39	H	11	YIL138C
39	H	12	YIL139C
40	A	1	YIL140W
40	A	2	YIL141W
40	A	3	YIL145C
40	A	4	wild-type
40	A	5	YIL146C
40	A	6	YIL148W
40	A	7	YIL149C
40	A	8	YIL152W
40	A	9	YIL153W
40	A	10	YIL155C
40	A	11	YIL156W
40	A	12	YIL159W
40	B	1	YIL160C
40	B	2	YIL161W
40	B	3	YIL162W
40	B	4	YIL163C
40	B	5	YIL164C
40	B	6	YIL165C
40	B	7	YIL166C
40	B	8	YIL167W
40	B	9	YIL168W
40	B	10	wild-type
40	B	11	YIL170W
40	B	12	YIL173W
40	C	1	YIR001C
40	C	2	YIR002C
40	C	3	YIR003W
40	C	4	YIR005W
40	C	5	YIR007W
40	C	6	YIR013C
40	C	7	YIR014W
40	C	8	wild-type
40	C	9	YIR016W
40	C	10	YDL194W
40	C	11	YDR048C
40	C	12	wild-type
40	D	1	YFR011C
40	D	2	wild-type
40	D	3	YFR013W
40	D	4	blank
40	D	5	wild-type
40	D	6	YNL051W
40	D	7	YNL052W
40	D	8	YNL056W
40	D	9	YNL065W
40	D	10	YNL066W
40	D	11	YNL067W
40	D	12	YNL068C
40	E	1	wild-type
40	E	2	YNL070W
40	E	3	YNL071W
40	E	4	YNL072W
40	E	5	YNL073W
40	E	6	YNL074C
40	E	7	YNL076W
40	E	8	YNL078W
40	E	9	YNL079C
40	E	10	YNL080C
40	E	11	YNL082W
40	E	12	YNL083W
40	F	1	YNL085W
40	F	2	YNL087W
40	F	3	wild-type
40	F	4	YNL091W
40	F	5	YNL093W
40	F	6	YNL095C
40	F	7	wild-type
40	F	8	YNL097C
40	F	9	YNL099C
40	F	10	YNL100W
40	F	11	YNL104C
40	F	12	YNL105W
40	G	1	YNL106C
40	G	2	YNL107W
40	G	3	YNL115C
40	G	4	YNL119W
40	G	5	YNL120C
40	G	6	YNL121C
40	G	7	YNL125C
40	G	8	YNL130C
40	G	9	YBR189W
40	G	10	YCR095C
40	G	11	wild-type
40	G	12	YCR102W-A
40	H	1	YDL133C-A
40	H	2	blank
40	H	3	YDR058C
40	H	4	YDR174W
40	H	5	YDR202C
40	H	6	wild-type
40	H	7	YDR205W
40	H	8	YDR445C
40	H	9	wild-type
40	H	10	YDR537C
40	H	11	YFR039C
40	H	12	YGL219C
41	A	1	YGR028W
41	A	2	YGR032W
41	A	3	YGR038W
41	A	4	wild-type
41	A	5	YGR040W
41	A	6	YGR050C
41	A	7	YGR053C
41	A	8	YGR086C
41	A	9	YGR089W
41	A	10	YGR092W
41	A	11	YGR093W
41	A	12	YGR106C
41	B	1	YGR110W
41	B	2	YGR117C
41	B	3	YGR238C
41	B	4	YGR239C
41	B	5	YGR248W
41	B	6	YGR250C
41	B	7	YJL136C
41	B	8	YJL137C
41	B	9	YOL125W
41	B	10	wild-type
41	B	11	YJL141C
41	B	12	YJL175W
41	C	1	YJL177W
41	C	2	YKL096W-A
41	C	3	YKL115C
41	C	4	YKL139W
41	C	5	YKL194C
41	C	6	YJL213W
41	C	7	YKL202W
41	C	8	wild-type
41	C	9	YKL204W
41	C	10	YKL215C
41	C	11	YKL220C
41	C	12	wild-type
41	D	1	YKR010C
41	D	2	wild-type
41	D	3	YKR019C
41	D	4	YKR023W
41	D	5	blank
41	D	6	YKR027W
41	D	7	YKR028W
41	D	8	YKR029C
41	D	9	YKR034W
41	D	10	YKR036C
41	D	11	YKR039W
41	D	12	YKR040C
41	E	1	wild-type
41	E	2	YKR041W
41	E	3	YKR046C
41	E	4	YKR053C
41	E	5	YML035C
41	E	6	YAR002C-A
41	E	7	YBR083W
41	E	8	YBR084C-A
41	E	9	YBR090C
41	E	10	YBR100W
41	E	11	YMR119W
41	E	12	YBR125C
41	F	1	YBR131W
41	F	2	YBR150C
41	F	3	wild-type
41	F	4	YBR168W
41	F	5	YBR169C
41	F	6	YBR270C
41	F	7	wild-type
41	F	8	YBR272C
41	F	9	YBR275C
41	F	10	YBR276C
41	F	11	YBR280C
41	F	12	YBR287W
41	G	1	YBR288C
41	G	2	YBR289W
41	G	3	YBR294W
41	G	4	YBR301W
41	G	5	YCL026C-A
41	G	6	YCR028C-A
41	G	7	YCR030C
41	G	8	YCR032W
41	G	9	YCR033W
41	G	10	YCR046C
41	G	11	wild-type
41	G	12	YCR047C
41	H	1	YCR048W
41	H	2	blank
41	H	3	YCR060W
41	H	4	YCR062W
41	H	5	YCR067C
41	H	6	wild-type
41	H	7	YCR069W
41	H	8	YCR073C
41	H	9	wild-type
41	H	10	YCR075C
41	H	11	YCR083W
41	H	12	YCR088W
42	A	1	YCR089W
42	A	2	YBR191W
42	A	3	YCL035C
42	A	4	wild-type
42	A	5	YDR071C
42	A	6	YDR074W
42	A	7	YER027C
42	A	8	YER037W
42	A	9	YGR155W
42	A	10	YLR192C
42	A	11	YLR237W
42	A	12	YLR246W
42	B	1	YLR334C
42	B	2	YLR346C
42	B	3	YLR358C
42	B	4	YLR361C
42	B	5	YLR370C
42	B	6	YLR382C
42	B	7	YLR394W
42	B	8	YLR406C
42	B	9	YML022W
42	B	10	wild-type
42	B	11	YML027W
42	B	12	YML036W
42	C	1	YML038C
42	C	2	YML041C
42	C	3	YML042W
42	C	4	YML047C
42	C	5	YML075C
42	C	6	YML076C
42	C	7	blank
42	C	8	wild-type
42	C	9	YMR048W
42	C	10	YMR135W-A
42	C	11	YMR137C
42	C	12	wild-type
42	D	1	YMR138W
42	D	2	wild-type
42	D	3	YMR139W
42	D	4	YMR160W
42	D	5	wild-type
42	D	6	blank
42	D	7	YMR173W
42	D	8	YPL183C
42	D	9	YPL183W-A
42	D	10	YPL224C
42	D	11	YGR295C
42	D	12	YHR132W-A
42	E	1	wild-type
42	E	2	YIL030C
42	E	3	YIL058W
42	E	4	YIL092W
42	E	5	YIR023W
42	E	6	YIR030C
42	E	7	YIR032C
42	E	8	YIR043C
42	E	9	YIR044C
42	E	10	YJR003C
42	E	11	YJR055W
42	E	12	YKL053C-A
42	F	1	YKR106W
42	F	2	YMR322C
42	F	3	wild-type
42	F	4	YNL140C
42	F	5	YNL142W
42	F	6	YOL152W
42	F	7	wild-type
42	F	8	YOL155C
42	F	9	YOR265W
42	F	10	YOR266W
42	F	11	YOR267C
42	F	12	YOR268C
42	G	1	YOR269W
42	G	2	YOR270C
42	G	3	YOR271C
42	G	4	YOR273C
42	G	5	YOR274W
42	G	6	YOR275C
42	G	7	YOR276W
42	G	8	YOR302W
42	G	9	YOR303W
42	G	10	YPL004C
42	G	11	wild-type
42	G	12	YPL017C
42	H	1	YPL027W
42	H	2	blank
42	H	3	YPL034W
42	H	4	YPL036W
42	H	5	YPL078C
42	H	6	wild-type
42	H	7	YPL137C
42	H	8	YNL096C
42	H	9	wild-type
42	H	10	YOR179C
42	H	11	YOR180C
42	H	12	YDL115C
43	A	1	YFL013W-A
43	A	2	YFL014W
43	A	3	YFL019C
43	A	4	wild-type
43	A	5	YFR019W
43	A	6	YFR024C
43	A	7	YHR146W
43	A	8	YHR171W
43	A	9	YJL042W
43	A	10	YJL070C
43	A	11	YJL078C
43	A	12	YJL094C
43	B	1	YJL105W
43	B	2	YJL128C
43	B	3	YLR455W
43	B	4	YKR094C
43	B	5	YKR095W
43	B	6	YKR096W
43	B	7	YKR102W
43	B	8	YLR110C
43	B	9	YLR390W-A
43	B	10	wild-type
43	B	11	YLR439W
43	B	12	YML066C
43	C	1	YML115C
43	C	2	YMR037C
43	C	3	YMR104C
43	C	4	YNL109W
43	C	5	YNR055C
43	C	6	YNR069C
43	C	7	YNL111C
43	C	8	wild-type
43	C	9	YOL147C
43	C	10	YPR007C
43	C	11	YPR008W
43	C	12	wild-type
43	D	1	YPR013C
43	D	2	wild-type
43	D	3	YPR022C
43	D	4	YPR023C
43	D	5	wild-type
43	D	6	YPR024W
43	D	7	blank
43	D	8	YPR026W
43	D	9	YPR031W
43	D	10	YPR037C
43	D	11	YPR043W
43	D	12	YPR050C
43	E	1	wild-type
43	E	2	YPR064W
43	E	3	YPR078C
43	E	4	YBR082C
43	E	5	YBR084W
43	E	6	YBR090C-A
43	E	7	YBR092C
43	E	8	YBR093C
43	E	9	YBR094W
43	E	10	YBR095C
43	E	11	YBR099C
43	E	12	YBR103W
43	F	1	YBR104W
43	F	2	YBR106W
43	F	3	wild-type
43	F	4	YBR107C
43	F	5	YBR108W
43	F	6	YBR111C
43	F	7	wild-type
43	F	8	YBR113W
43	F	9	YBR114W
43	F	10	YBR115C
43	F	11	YBR116C
43	F	12	YBR119W
43	G	1	YBR120C
43	G	2	YBR121C
43	G	3	YBR126C
43	G	4	blank
43	G	5	YBR129C
43	G	6	YBR130C
43	G	7	YBR132C
43	G	8	YBR134W
43	G	9	YBR137W
43	G	10	YBR138C
43	G	11	wild-type
43	G	12	YBR139W
43	H	1	YBR141C
43	H	2	blank
43	H	3	YBR144C
43	H	4	YBR145W
43	H	5	YBR146W
43	H	6	wild-type
43	H	7	YBR147W
43	H	8	YBR148W
43	H	9	wild-type
43	H	10	YBR149W
43	H	11	YBR151W
43	H	12	YBR156C
44	A	1	YBR158W
44	A	2	YBR159W
44	A	3	YBR161W
44	A	4	wild-type
44	A	5	YBR162C
44	A	6	YBR162W-A
44	A	7	YBR163W
44	A	8	YBR164C
44	A	9	YBR165W
44	A	10	YBR166C
44	A	11	YBR170C
44	A	12	YBR171W
44	B	1	YBR172C
44	B	2	YDL001W
44	B	3	YDL002C
44	B	4	blank
44	B	5	YDL009C
44	B	6	YDL010W
44	B	7	YDL011C
44	B	8	YDL012C
44	B	9	YDL013W
44	B	10	wild-type
44	B	11	YDL018C
44	B	12	YDL019C
44	C	1	YDL020C
44	C	2	YDL022W
44	C	3	YDL023C
44	C	4	YDL024C
44	C	5	YDL025C
44	C	6	YDL027C
44	C	7	YDL032W
44	C	8	wild-type
44	C	9	YDL033C
44	C	10	YDL034W
44	C	11	YDL035C
44	C	12	wild-type
44	D	1	YDL037C
44	D	2	wild-type
44	D	3	blank
44	D	4	YDL039C
44	D	5	wild-type
44	D	6	YDL044C
44	D	7	YDL045W-A
44	D	8	blank
44	D	9	YDL046W
44	D	10	YDL048C
44	D	11	YDL049C
44	D	12	YDL050C
44	E	1	wild-type
44	E	2	YDL051W
44	E	3	YDL052C
44	E	4	blank
44	E	5	YDL054C
44	E	6	YDL056W
44	E	7	YDL057W
44	E	8	YDL062W
44	E	9	YDL063C
44	E	10	YDL065C
44	E	11	YDL066W
44	E	12	YDL068W
44	F	1	YDL070W
44	F	2	YDL071C
44	F	3	wild-type
44	F	4	YDL076C
44	F	5	YDL078C
44	F	6	YDL079C
44	F	7	wild-type
44	F	8	YDL080C
44	F	9	YDL081C
44	F	10	YDL082W
44	F	11	YDL083C
44	F	12	YDL085W
44	G	1	YDL086W
44	G	2	YDL088C
44	G	3	YDL089W
44	G	4	YDL091C
44	G	5	YDL093W
44	G	6	YDL094C
44	G	7	YDL095W
44	G	8	YDR438W
44	G	9	YDR439W
44	G	10	YDR440W
44	G	11	wild-type
44	G	12	YDR441C
44	H	1	YDR442W
44	H	2	blank
44	H	3	YDR443C
44	H	4	YDR446W
44	H	5	YDR447C
44	H	6	wild-type
44	H	7	YDR450W
44	H	8	YDR451C
44	H	9	wild-type
44	H	10	YDR452W
44	H	11	YDR453C
44	H	12	YDR456W
45	A	1	YDR457W
45	A	2	YDR458C
45	A	3	YDR459C
45	A	4	wild-type
45	A	5	YDR462W
45	A	6	YDR463W
45	A	7	YDR465C
45	A	8	YDR466W
45	A	9	YDR467C
45	A	10	YDR469W
45	A	11	YDR471W
45	A	12	YDR474C
45	B	1	YDR476C
45	B	2	YDR479C
45	B	3	YDR480W
45	B	4	YDR481C
45	B	5	YDR482C
45	B	6	YDR486C
45	B	7	YDR488C
45	B	8	YDR490C
45	B	9	YDR491C
45	B	10	wild-type
45	B	11	YDR492W
45	B	12	YDR494W
45	C	1	YDR496C
45	C	2	YDR497C
45	C	3	YDR503C
45	C	4	YDR504C
45	C	5	YDR505C
45	C	6	YDR506C
45	C	7	YDR507C
45	C	8	wild-type
45	C	9	YDR508C
45	C	10	YDR509W
45	C	11	YDR511W
45	C	12	wild-type
45	D	1	YDR513W
45	D	2	wild-type
45	D	3	YDR514C
45	D	4	YDR516C
45	D	5	wild-type
45	D	6	YDR517W
45	D	7	YDR519W
45	D	8	YDR520C
45	D	9	blank
45	D	10	YDR522C
45	D	11	YDR524C
45	D	12	YDR525W
45	E	1	wild-type
45	E	2	YDR528W
45	E	3	YDR529C
45	E	4	YDR530C
45	E	5	YDR532C
45	E	6	YDR533C
45	E	7	YDR534C
45	E	8	YGL105W
45	E	9	YGL107C
45	E	10	YGL108C
45	E	11	YGL109W
45	E	12	YGL110C
45	F	1	YGL114W
45	F	2	YGL115W
45	F	3	wild-type
45	F	4	YGL117W
45	F	5	YGL118C
45	F	6	YGL121C
45	F	7	wild-type
45	F	8	YGL126W
45	F	9	YGL127C
45	F	10	YGL129C
45	F	11	YGL131C
45	F	12	YGL132W
45	G	1	YGL133W
45	G	2	YGL136C
45	G	3	YGL138C
45	G	4	YGL139W
45	G	5	YGL140C
45	G	6	YGL141W
45	G	7	YGL143C
45	G	8	YGL144C
45	G	9	YGL146C
45	G	10	YGL147C
45	G	11	wild-type
45	G	12	YGL149W
45	H	1	YGL151W
45	H	2	blank
45	H	3	YGL152C
45	H	4	YGL153W
45	H	5	YGL156W
45	H	6	wild-type
45	H	7	YGL157W
45	H	8	YGL158W
45	H	9	wild-type
45	H	10	YGL159W
45	H	11	YGL160W
45	H	12	YGL161C
46	A	1	YGL162W
46	A	2	YGL163C
46	A	3	YGL164C
46	A	4	wild-type
46	A	5	YGL165C
46	A	6	YGL166W
46	A	7	YGL167C
46	A	8	YGL168W
46	A	9	YGL170C
46	A	10	YGL173C
46	A	11	YGL174W
46	A	12	YGL175C
46	B	1	YGL176C
46	B	2	YGL177W
46	B	3	YGL179C
46	B	4	YGL180W
46	B	5	YGL181W
46	B	6	YER101C
46	B	7	YER103W
46	B	8	YER106W
46	B	9	YER108C
46	B	10	wild-type
46	B	11	YER110C
46	B	12	YER111C
46	C	1	YER113C
46	C	2	YER114C
46	C	3	YER115C
46	C	4	YER116C
46	C	5	YER117W
46	C	6	YER118C
46	C	7	YER119C
46	C	8	wild-type
46	C	9	YER119C-A
46	C	10	YER120W
46	C	11	YER121W
46	C	12	wild-type
46	D	1	YER123W
46	D	2	wild-type
46	D	3	YER124C
46	D	4	YER128W
46	D	5	wild-type
46	D	6	YER129W
46	D	7	YER130C
46	D	8	YER131W
46	D	9	YER132C
46	D	10	blank
46	D	11	YER134C
46	D	12	YER135C
46	E	1	wild-type
46	E	2	YER137C
46	E	3	YER139C
46	E	4	YER140W
46	E	5	YER141W
46	E	6	YER142C
46	E	7	YER143W
46	E	8	YER145C
46	E	9	YER149C
46	E	10	YER150W
46	E	11	YER151C
46	E	12	YER152C
46	F	1	YER153C
46	F	2	YER154W
46	F	3	wild-type
46	F	4	YER156C
46	F	5	YER158C
46	F	6	YER161C
46	F	7	wild-type
46	F	8	YER162C
46	F	9	YER163C
46	F	10	YER164W
46	F	11	YER166W
46	F	12	YER167W
46	G	1	YER169W
46	G	2	YER170W
46	G	3	YER173W
46	G	4	YER174C
46	G	5	YER175C
46	G	6	YER176W
46	G	7	YER177W
46	G	8	YER178W
46	G	9	YER179W
46	G	10	YER180C
46	G	11	wild-type
46	G	12	YER181C
46	H	1	YER182W
46	H	2	blank
46	H	3	YER183C
46	H	4	YER184C
46	H	5	YER185W
46	H	6	wild-type
46	H	7	YER186C
46	H	8	YER187W
46	H	9	wild-type
46	H	10	YMR052C-A
46	H	11	YMR052W
46	H	12	YMR053C
47	A	1	YMR054W
47	A	2	YMR055C
47	A	3	YMR056C
47	A	4	wild-type
47	A	5	YMR057C
47	A	6	YMR058W
47	A	7	YJR034W
47	A	8	YJR039W
47	A	9	YJR044C
47	A	10	YJR066W
47	A	11	YIL102C
47	A	12	YIL111W
47	B	1	YIL122W
47	B	2	YIL131C
47	B	3	YIL136W
47	B	4	YIL158W
47	B	5	YIR004W
47	B	6	YIL056W
47	B	7	YIL085C
47	B	8	YDL067C
47	B	9	YDL075W
47	B	10	wild-type
47	B	11	YDR477W
47	B	12	YDR483W
47	C	1	YDR521W
47	C	2	YDR523C
47	C	3	YLR006C
47	C	4	YML010W-A
47	C	5	YMR038C
47	C	6	YOR364W
47	C	7	YBR173C
47	C	8	wild-type
47	C	9	YER028C
47	C	10	YER044C
47	C	11	YHR028C
47	C	12	wild-type
47	D	1	YHR033W
47	D	2	wild-type
47	D	3	YAL024C
47	D	4	YBR299W
47	D	5	wild-type
47	D	6	YCR107W
47	D	7	YDR242W
47	D	8	YDR326C
47	D	9	YDR444W
47	D	10	YDR493W
47	D	11	blank
47	D	12	YDR502C
47	E	1	wild-type
47	E	2	YDR515W
47	E	3	YER089C
47	E	4	YFL001W
47	E	5	YFL003C
47	E	6	YFL004W
47	E	7	YFL007W
47	E	8	YFL010C
47	E	9	YFL012W
47	E	10	YFL013C
47	E	11	YGR122C-A
47	E	12	YGR254W
47	F	1	YGR258C
47	F	2	YGR271W
47	F	3	wild-type
47	F	4	YNR033W
47	F	5	YGR273C
47	F	6	YGR276C
47	F	7	wild-type
47	F	8	YGR289C
47	F	9	YGR291C
47	F	10	YGR292W
47	F	11	YFL033C
47	F	12	YFL063W
47	G	1	YJL103C
47	G	2	YML073C
47	G	3	YNL011C
47	G	4	YNL014W
47	G	5	YBR133C
47	G	6	YER007W
47	G	7	YER105C
47	G	8	YER155C
47	G	9	YGL100W
47	G	10	YGL119W
47	G	11	wild-type
47	G	12	YGL134W
47	H	1	YGL178W
47	H	2	blank
47	H	3	YGL184C
47	H	4	YGL185C
47	H	5	YGL190C
47	H	6	wild-type
47	H	7	YGL191W
47	H	8	YGL192W
47	H	9	wild-type
47	H	10	YGL216W
47	H	11	YGR180C
47	H	12	YHR091C
48	A	1	YKR004C-A
48	A	2	YKR099C-A
48	A	3	YLL006W-A
48	A	4	wild-type
48	A	5	YLR264C-A
48	A	6	YLR285C-A
48	A	7	YLR307C-A
48	A	8	YLR312C-B
48	A	9	YLR361C-A
48	A	10	YLR363W-A
48	A	11	YLR406C-A
48	A	12	YLR412C-A
48	B	1	YML007C-A
48	B	2	YML054C-A
48	B	3	YML058W-A
48	B	4	YMR001C-A
48	B	5	YMR013W-A
48	B	6	YMR105W-A
48	B	7	YMR175W-A
48	B	8	YMR182W-A
48	B	9	YMR194C-B
48	B	10	wild-type
48	B	11	YMR230W-A
48	B	12	YMR242W-A
48	C	1	YMR247W-A
48	C	2	YMR272W-B
48	C	3	YMR315W-A
48	C	4	YNL042W-B
48	C	5	YNL067W-B
48	C	6	YNL097C-A
48	C	7	YNL130C-A
48	C	8	wild-type
48	C	9	YNL146C-A
48	C	10	YNL162W-A
48	C	11	YNL277W-A
48	C	12	wild-type
48	D	1	YOL013W-B
48	D	2	wild-type
48	D	3	YOL019W-A
48	D	4	YOL038C-A
48	D	5	wild-type
48	D	6	YOL052C-A
48	D	7	YOL077W-A
48	D	8	YOL086W-A
48	D	9	YOL097W-A
48	D	10	YOL159C-A
48	D	11	YOL164W-A
48	D	12	blank
48	E	1	wild-type
48	E	2	YOR020W-A
48	E	3	YOR034C-A
48	E	4	YOR161C-C
48	E	5	YOR293C-A
48	E	6	YOR316C-A
48	E	7	YOR376W-A
48	E	8	YPL038W-A
48	E	9	YPL096C-A
48	E	10	YPL119C-A
48	E	11	YPL152W-A
48	E	12	YPL189C-A
48	F	1	YPR108W-A
48	F	2	YPR159C-A
48	F	3	wild-type
48	F	4	YAR042W
48	F	5	YBL104C
48	F	6	YBR074W
48	F	7	wild-type
48	F	8	YBR230W-A
48	F	9	YCL002C
48	F	10	YCL012C
48	F	11	YCL014W
48	F	12	YCR061W
48	G	1	YFR045W
48	G	2	YGL045W
48	G	3	YGR225W
48	G	4	YJL012C
48	G	5	YJL016W
48	G	6	YJL020C
48	G	7	YJL096W
48	G	8	YJL160C
48	G	9	YJR085C
48	G	10	YJR101W
48	G	11	wild-type
48	G	12	YJR112W-A
48	H	1	YJR114W
48	H	2	blank
48	H	3	YJR143C
48	H	4	YJR151C
48	H	5	YKL002W
48	H	6	wild-type
48	H	7	YKL033W-A
48	H	8	YKL157W
48	H	9	wild-type
48	H	10	YKL198C
48	H	11	YKL201C
48	H	12	YKR054C
49	A	1	YKR100C
49	A	2	YLR054C
49	A	3	YLR194C
49	A	4	wild-type
49	A	5	YLR371W
49	A	6	YLR419W
49	A	7	YLR445W
49	A	8	YML034W
49	A	9	YML104C
49	A	10	YMR143W
49	A	11	YMR202W
49	A	12	YMR269W
49	B	1	YNL090W
49	B	2	YNL147W
49	B	3	YNL209W
49	B	4	YNL280C
49	B	5	YNR052C
49	B	6	YOL048C
49	B	7	YOL140W
49	B	8	YOL145C
49	B	9	YOL154W
49	B	10	wild-type
49	B	11	YOR026W
49	B	12	YOR069W
49	C	1	YOR087W
49	C	2	YOR239W
49	C	3	YOR298C-A
49	C	4	YPL075W
49	C	5	YPL165C
49	C	6	YPL249C-A
49	C	7	YPL277C
49	C	8	wild-type
49	C	9	YPR089W
49	C	10	YPR098C
49	C	11	YPR141C
49	C	12	wild-type
49	D	1	YER015W
49	D	2	wild-type
49	D	3	YER076C
49	D	4	YFL010W-A
49	D	5	wild-type
49	D	6	YFR038W
49	D	7	YGL023C
49	D	8	YGL032C
49	D	9	YGL196W
49	D	10	YGL202W
49	D	11	YGL211W
49	D	12	YHL004W
49	E	1	blank
49	E	2	YHR001W
49	E	3	YHR090C
49	E	4	YHR098C
49	E	5	YHR141C
49	E	6	YHR187W
49	E	7	YHR192W
49	E	8	YHR205W
49	E	9	YJL059W
49	E	10	YKL065C
49	E	11	YKL137W
49	E	12	YKR091W
49	F	1	YLR084C
49	F	2	YLR118C
49	F	3	wild-type
49	F	4	YLR125W
49	F	5	YLR329W
49	F	6	YLR332W
49	F	7	wild-type
49	F	8	YMR032W
49	F	9	YDR123C
49	F	10	YMR150C
49	F	11	YBL019W
49	F	12	YBL021C
49	G	1	YBL022C
49	G	2	YBL024W
49	G	3	YBL027W
49	G	4	YBL028C
49	G	5	YBL029W
49	G	6	YBL031W
49	G	7	YBL032W
49	G	8	YBL036C
49	G	9	YBL044W
49	G	10	YBL048W
49	G	11	wild-type
49	G	12	YBL071C
49	H	1	YBL090W
49	H	2	blank
49	H	3	YOL152W
49	H	4	YBL003C
49	H	5	YBL005W
49	H	6	wild-type
49	H	7	YBL007C
49	H	8	YBL008W
49	H	9	wild-type
49	H	10	YBL009W
49	H	11	YBL010C
49	H	12	YBL011W
50	A	1	YBL012C
50	A	2	YBL013W
50	A	3	YBL015W
50	A	4	wild-type
50	A	5	YBL017C
50	A	6	YBL047C
50	A	7	YBL049W
50	A	8	YBL055C
50	A	9	YBL056W
50	A	10	YBL057C
50	A	11	YBL059W
50	A	12	YBL060W
50	B	1	YBL061C
50	B	2	YBL062W
50	B	3	YBL064C
50	B	4	YBL067C
50	B	5	YBL068W
50	B	6	YBL069W
50	B	7	YBL070C
50	B	8	YBL075C
50	B	9	YBL078C
50	B	10	wild-type
50	B	11	YBL082C
50	B	12	YBL085W
50	C	1	YBL086C
50	C	2	YBL088C
50	C	3	YBL091C
50	C	4	YGL002W
50	C	5	YGL003C
50	C	6	YGL004C
50	C	7	YGL010W
50	C	8	wild-type
50	C	9	YGL013C
50	C	10	YGL015C
50	C	11	YGL027C
50	C	12	wild-type
50	D	1	YLR309C
50	D	2	wild-type
50	D	3	YDR191W
50	D	4	YLR294C
50	D	5	wild-type
50	D	6	YLR295C
50	D	7	YLR296W
50	D	8	YDR154C
50	D	9	YDR156W
50	D	10	YDR157W
50	D	11	YDR159W
50	D	12	YDR171W
50	E	1	wild-type
50	E	2	blank
50	E	3	YDR173C
50	E	4	YDR178W
50	E	5	YDR179C
50	E	6	YDR186C
50	E	7	YDR198C
50	E	8	YDR214W
50	E	9	YDR215C
50	E	10	YDR217C
50	E	11	YDR218C
50	E	12	YDR219C
50	F	1	YDR220C
50	F	2	YDR221W
50	F	3	wild-type
50	F	4	YDR222W
50	F	5	YDR223W
50	F	6	YDR229W
50	F	7	wild-type
50	F	8	YDR230W
50	F	9	YDR239C
50	F	10	YDR241W
50	F	11	YGL194C
50	F	12	YGL195W
50	G	1	YGL197W
50	G	2	YGL198W
50	G	3	YJR100C
50	G	4	YJR106W
50	G	5	YJR118C
50	G	6	YJR119C
50	G	7	YJR133W
50	G	8	YJR140C
50	G	9	YJR145C
50	G	10	blank
50	G	11	wild-type
50	G	12	YDR009W
50	H	1	YDR025W
50	H	2	blank
50	H	3	YDR092W
50	H	4	YDR518W
50	H	5	YGR161W-C
50	H	6	wild-type
50	H	7	YHR149C
50	H	8	YBR274W
50	H	9	wild-type
50	H	10	YCR095W-A
50	H	11	YDL077C
50	H	12	YDR147W
51	A	1	YDR179W-A
51	A	2	blank
51	A	3	YDR448W
51	A	4	wild-type
51	A	5	YDR485C
51	A	6	YGL081W
51	A	7	YGL104C
51	A	8	YGL237C
51	A	9	YGR037C
51	A	10	YIL041W
51	A	11	YIL127C
51	A	12	YLR251W
51	B	1	YNL162W
51	B	2	YOL073C
51	B	3	YAR002W
51	B	4	YML058C-A
51	B	5	YML056C
51	B	6	YML055W
51	B	7	YML037C
51	B	8	YML033W
51	B	9	YMR025W
51	B	10	wild-type
51	B	11	YMR223W
51	B	12	YMR275C
51	C	1	YMR300C
51	C	2	YNL269W
51	C	3	YNL254C
51	C	4	YNL253W
51	C	5	YOR033C
51	C	6	YOR347C
51	C	7	YOR348C
51	C	8	wild-type
51	C	9	YOL049W
51	C	10	YPL129W
51	C	11	YDR114C
51	C	12	wild-type
51	D	1	YDR354W
51	D	2	wild-type
51	D	3	YDR363W
51	D	4	YDR364C
51	D	5	wild-type
51	D	6	YDR408C
51	D	7	YDR432W
51	D	8	YEL009C
51	D	9	YEL023C
51	D	10	YEL024W
51	D	11	YEL027W
51	D	12	YEL037C
51	E	1	wild-type
51	E	2	YEL050C
51	E	3	blank
51	E	4	YEL051W
51	E	5	YEL061C
51	E	6	YER017C
51	E	7	YER052C
51	E	8	YER068W
51	E	9	YER068C-A
51	E	10	YGR171C
51	E	11	YHR013C
51	E	12	YHR060W
51	F	1	YHR206W
51	F	2	YCL001W
51	F	3	wild-type
51	F	4	YCL005W
51	F	5	YCL008C
51	F	6	YCL016C
51	F	7	wild-type
51	F	8	YCL024W
51	F	9	YCL026C
51	F	10	YLR150W
51	F	11	YLR151C
51	F	12	YLR172C
51	G	1	YLR182W
51	G	2	YKL054C
51	G	3	YKL080W
51	G	4	YGR056W
51	G	5	YGR057C
51	G	6	YGR061C
51	G	7	YGR064W
51	G	8	YGR101W
51	G	9	YGR104C
51	G	10	YGR105W
51	G	11	wild-type
51	G	12	YOR130C
51	H	1	YOR132W
51	H	2	blank
51	H	3	YOR138C
51	H	4	YOR162C
51	H	5	YOR251C
51	H	6	wild-type
51	H	7	YJL204C
51	H	8	YJL185C
51	H	9	wild-type
51	H	10	YJL183W
51	H	11	YJL155C
51	H	12	YJL130C
52	A	1	YDR192C
52	A	2	YDR193W
52	A	3	YDR209C
52	A	4	wild-type
52	A	5	YDR226W
52	A	6	YGL200C
52	A	7	YGR006W
52	A	8	YPL066W
52	A	9	YPL065W
52	A	10	YPL064C
52	A	11	YPL048W
52	A	12	YPL035C
52	B	1	YPR166C
52	B	2	YPR167C
52	B	3	YBL065W
52	B	4	YBL066C
52	B	5	YGL028C
52	B	6	YGL043W
52	B	7	YIL013C
52	B	8	YIL015W
52	B	9	YIL009W
52	B	10	wild-type
52	B	11	YFL036W
52	B	12	YHR039C-B
52	C	1	YIR017C
52	C	2	YKR078W
52	C	3	YMR072W
52	C	4	YMR073C
52	C	5	YMR084W
52	C	6	YNR075W
52	C	7	YOL095C
52	C	8	wild-type
52	C	9	YOL109W
52	C	10	YOL121C
52	C	11	YDR424C
52	C	12	wild-type
52	D	1	YEL011W
52	D	2	wild-type
52	D	3	YLR031W
52	D	4	YMR142C
52	D	5	wild-type
52	D	6	YMR316C-B
52	D	7	YMR316W
52	D	8	YPL132W
52	D	9	YPL134C
52	D	10	YML071C
52	D	11	YML107C
52	D	12	YML122C
52	E	1	wild-type
52	E	2	YML123C
52	E	3	YMR103C
52	E	4	blank
52	E	5	YPR006C
52	E	6	YLR449W
52	E	7	YCL058C
52	E	8	YJR074W
52	E	9	YNR036C
52	E	10	YNR037C
52	E	11	YBR030W
52	E	12	YBR040W
52	F	1	YGR063C
52	F	2	YCR084C
52	F	3	wild-type
52	F	4	YJL101C
52	F	5	YBR127C
52	F	6	YDL020C
52	F	7	wild-type
52	F	8	YDL059C
52	F	9	YDL061C
52	F	10	YDR470C
52	F	11	YDR484W
52	F	12	YGL124C
52	G	1	YGL148W
52	G	2	YDL047W
52	G	3	YDL074C
52	G	4	YOL148C
52	G	5	YAL049C
52	G	6	YBR062C
52	G	7	YBR105C
52	G	8	YDL026W
52	G	9	YDL036C
52	G	10	YDL069C
52	G	11	wild-type
52	G	12	YEL022W
52	H	1	YHL001W
52	H	2	blank
52	H	3	YLR089C
52	H	4	YLR304C
52	H	5	YLR320W
52	H	6	wild-type
52	H	7	YDR191W
52	H	8	YDR197W
52	H	9	wild-type
52	H	10	YGL253W
52	H	11	YPR185W
52	H	12	YPR189W
53	A	1	YPR195C
53	A	2	YNL219C
53	A	3	YNL175C
53	A	4	wild-type
53	A	5	YIL088C
53	A	6	YFR001W
53	A	7	YFR022W
53	A	8	YPR030W
53	A	9	YPR047W
53	A	10	YPR049C
53	A	11	YBR281C
53	A	12	YBR297W
53	B	1	YJR021C
53	B	2	YJR024C
53	B	3	YLR211C
53	B	4	YDR092W
53	B	5	YGL224C
53	B	6	YGR062C
53	B	7	YGR161W-C
53	B	8	YDR027C
53	B	9	YDR176W
53	B	10	wild-type
53	B	11	YGR020C
53	B	12	YGL058W
53	C	1	YDR028C
53	C	2	YLR337C
53	C	3	YLR240W
53	C	4	YGL223C
53	C	5	YLR399C
53	C	6	YLR403W
53	C	7	YLR396C
53	C	8	wild-type
53	C	9	YGL240W
53	C	10	YPL059W
53	C	11	YPL045W
53	C	12	wild-type
53	D	1	YIL018W
53	D	2	wild-type
53	D	3	YFL018C
53	D	4	YGR262C
53	D	5	wild-type
53	D	6	YML112W
53	D	7	YAL016W
53	D	8	YGL218W
53	D	9	YLR286C
53	D	10	YBR279W
53	D	11	YJL004C
53	D	12	YJR047C
53	E	1	wild-type
53	E	2	YDL160C
53	E	3	YDL185W
53	E	4	YOR331C
53	E	5	blank
53	E	6	YJL184W
53	E	7	YPL148C
53	E	8	YDL040C
53	E	9	YDL072C
53	E	10	YJL075C
53	E	11	YOR150W
53	E	12	YOR158W
53	F	1	YLR338W
53	F	2	YLR389C
53	F	3	wild-type
53	F	4	YLR391W
53	F	5	YLR244C
53	F	6	YPL050C
53	F	7	wild-type
53	F	8	YPL031C
53	F	9	YPL024W
53	F	10	YGR219W
53	F	11	YGR222W
53	F	12	YGR229C
53	G	1	YGL020C
53	G	2	YGL070C
53	G	3	YGL095C
53	G	4	YGL088W
53	G	5	YNL153C
53	G	6	YNL225C
53	G	7	blank
53	G	8	YDR245W
53	G	9	YDR268W
53	G	10	YDR283C
53	G	11	wild-type
53	G	12	YDR296W
53	H	1	YDR300C
53	H	2	blank
53	H	3	YIL066C
53	H	4	YMR064W
53	H	5	YMR066W
53	H	6	wild-type
53	H	7	YML110C
53	H	8	YML111W
53	H	9	wild-type
53	H	10	YML129C
53	H	11	YMR097C
53	H	12	YMR098C
54	A	1	YJR090C
54	A	2	YDL202W
54	A	3	YCR044C
54	A	4	wild-type
54	A	5	YCR063W
54	A	6	YJL003W
54	A	7	YJL006C
54	A	8	YJL013C
54	A	9	YJL027C
54	A	10	YJL028W
54	A	11	YJR004C
54	A	12	YJR032W
54	B	1	YJR037W
54	B	2	YJR040W
54	B	3	YJR038C
54	B	4	YDL167C
54	B	5	YNL003C
54	B	6	YBR078W
54	B	7	YNL084C
54	B	8	YIL098C
54	B	9	YPL268W
54	B	10	wild-type
54	B	11	YBR097W
54	B	12	YER122C
54	C	1	YBR035C
54	C	2	YPR072W
54	C	3	YOR008C-A
54	C	4	YER087W
54	C	5	YHR010W
54	C	6	YHR021C
54	C	7	YLR226W
54	C	8	wild-type
54	C	9	YOR369C
54	C	10	YFL016C
54	C	11	YGR257C
54	C	12	wild-type
54	D	1	YDR417C
54	D	2	wild-type
54	D	3	YCL007C
54	D	4	YER014C-A
54	D	5	wild-type
54	D	6	YEL036C
54	D	7	YNL296W
54	D	8	YPR133W-A
54	D	9	YPR131C
54	D	10	YJL140W
54	D	11	YGR272C
54	D	12	YDR500C
54	E	1	wild-type
54	E	2	YDR512C
54	E	3	YGR252W
54	E	4	YGR255C
54	E	5	YNL284C
54	E	6	blank
54	E	7	YNL315C
54	E	8	YPL183W
54	E	9	YOR147W
54	E	10	YMR263W
54	E	11	YNL307C
54	E	12	YLL027W
54	F	1	YNL055C
54	F	2	YLR148W
54	F	3	wild-type
54	F	4	YKL155C
54	F	5	YGL029W
54	F	6	YBL002W
54	F	7	wild-type
54	F	8	YKR085C
54	F	9	YGR162W
54	F	10	YNL069C
54	F	11	YNL292W
54	F	12	YAL016C-B
54	G	1	YAL037C-A
54	G	2	YAL067W-A
54	G	3	YAR035C-A
54	G	4	YBL008W-A
54	G	5	YBL039W-A
54	G	6	YBL071C-B
54	G	7	YBL071W-A
54	G	8	YBL101W-C
54	G	9	YBR058C-A
54	G	10	YBR072C-A
54	G	11	wild-type
54	G	12	YBR085C-A
54	H	1	YBR111W-A
54	H	2	blank
54	H	3	YBR182C-A
54	H	4	YBR196C-A
54	H	5	YBR196C-B
54	H	6	wild-type
54	H	7	YBR200W-A
54	H	8	YDL085C-A
54	H	9	wild-type
54	H	10	YDR246W-A
54	H	11	YDR524W-A
54	H	12	YEL059C-A
55	A	1	YER180C-A
55	A	2	YFR012W-A
55	A	3	YFR032C-B
55	A	4	wild-type
55	A	5	YGL006W-A
55	A	6	YGR035W-A
55	A	7	YGR174W-A
55	A	8	YHL015W-A
55	A	9	YIL046W-A
55	A	10	YJL012C-A
55	A	11	YJL047C-A
55	A	12	YJL062W-A
55	B	1	YJL077W-B
55	B	2	YJL127C-B
55	B	3	YJR135W-A
55	B	4	YJR151W-A
55	B	5	YKL068W-A
55	B	6	YKL096C-B
55	B	7	YKL106C-A
55	B	8	YBL029C-A
55	B	9	YBR056W-A
55	B	10	wild-type
55	B	11	YBR221W-A
55	B	12	YBR296C-A
55	C	1	YCL001W-B
55	C	2	YCL057C-A
55	C	3	YCR075W-A
55	C	4	YDL159W-A
55	C	5	YDR003W-A
55	C	6	YDR034W-B
55	C	7	YDR079C-A
55	C	8	wild-type
55	C	9	YDR169C-A
55	C	10	YDR182W-A
55	C	11	YDR194W-A
55	C	12	wild-type
55	D	1	YDR322C-A
55	D	2	wild-type
55	D	3	YDR379C-A
55	D	4	YDR524C-B
55	D	5	wild-type
55	D	6	YER053C-A
55	D	7	YER087C-B
55	D	8	YER175W-A
55	D	9	YFL041W-A
55	D	10	YGL007C-A
55	D	11	YGL041C-B
55	D	12	YGL188C-A
55	E	1	wild-type
55	E	2	YGR121W-A
55	E	3	YGR146C-A
55	E	4	YGR169C-A
55	E	5	YGR204C-A
55	E	6	YGR271C-A
55	E	7	blank
55	E	8	YHR007C-A
55	E	9	YHR022C-A
55	E	10	YHR050W-A
55	E	11	YHR086W-A
55	E	12	YHR175W-A
55	F	1	YIL002W-A
55	F	2	YIL134C-A
55	F	3	wild-type
55	F	4	YIR018C-A
55	F	5	YIR021W-A
55	F	6	YJL136W-A
55	F	7	wild-type
55	F	8	YKL018C-A
55	F	9	YAR003W
55	F	10	YAR014C
55	F	11	YAR030C
55	F	12	YAR035W
55	G	1	YAR037W
55	G	2	YAR040C
55	G	3	YLL002W
55	G	4	YLL009C
55	G	5	YLL010C
55	G	6	YLL023C
55	G	7	YLL041C
55	G	8	YLL043W
55	G	9	YLL056C
55	G	10	YLL057C
55	G	11	wild-type
55	G	12	YLR012C
55	H	1	YLR013W
55	H	2	blank
55	H	3	YLR014C
55	H	4	YLR015W
55	H	5	YLR016C
55	H	6	wild-type
55	H	7	YLR021W
55	H	8	YLR028C
55	H	9	wild-type
55	H	10	YLR042C
55	H	11	YLR057W
55	H	12	YLR058C
56	A	1	YLR074C
56	A	2	YLR087C
56	A	3	YLR090W
56	A	4	wild-type
56	A	5	YLR102C
56	A	6	YOR141C
56	A	7	YOR142W
56	A	8	YOR175C
56	A	9	YOR178C
56	A	10	YOR182C
56	A	11	YOR183W
56	A	12	YOR226C
56	B	1	YOR242C
56	B	2	YOR253W
56	B	3	YLR354C
56	B	4	YLR357W
56	B	5	YLR360W
56	B	6	YLR368W
56	B	7	YLR373C
56	B	8	YLR374C
56	B	9	YLR386W
56	B	10	wild-type
56	B	11	YLR387C
56	B	12	YLR392C
56	C	1	YLR395C
56	C	2	YLR410W
56	C	3	YLR413W
56	C	4	YLR414C
56	C	5	YGL228W
56	C	6	YGL231C
56	C	7	YGL244W
56	C	8	wild-type
56	C	9	YGL246C
56	C	10	YGL258W
56	C	11	YGL260W
56	C	12	wild-type
56	D	1	YGR014W
56	D	2	wild-type
56	D	3	YGR015C
56	D	4	YGR016W
56	D	5	wild-type
56	D	6	YGR017W
56	D	7	YGR019W
56	D	8	YGR021W
56	D	9	YPL088W
56	D	10	YPL081W
56	D	11	YPL079W
56	D	12	YPL073C
56	E	1	wild-type
56	E	2	YPL070W
56	E	3	YPL069C
56	E	4	YPL039W
56	E	5	YPL038W
56	E	6	YPL030W
56	E	7	YPL009C
56	E	8	blank
56	E	9	YPR170C
56	E	10	YPR171W
56	E	11	YPR172W
56	E	12	YPR173C
56	F	1	YPR174C
56	F	2	YPR184W
56	F	3	wild-type
56	F	4	YPR188C
56	F	5	YPR191W
56	F	6	YPR200C
56	F	7	wild-type
56	F	8	YCR090C
56	F	9	YCR101C
56	F	10	YCR105W
56	F	11	YDL130W-A
56	F	12	YDR539W
56	G	1	YFR041C
56	G	2	YGL034C
56	G	3	YGL035C
56	G	4	YGL036W
56	G	5	YGL039W
56	G	6	YGL041C
56	G	7	YGL042C
56	G	8	YGL049C
56	G	9	YGL050W
56	G	10	YGL051W
56	G	11	wild-type
56	G	12	YGL054C
56	H	1	YGL057C
56	H	2	blank
56	H	3	YGL059W
56	H	4	YGL060W
56	H	5	YGL062W
56	H	6	wild-type
56	H	7	YGL063W
56	H	8	YGL064C
56	H	9	wild-type
56	H	10	YGL066W
56	H	11	YGL067W
56	H	12	YGL071W
57	A	1	YGL078C
57	A	2	YGL080W
57	A	3	YGL082W
57	A	4	wild-type
57	A	5	YGL084C
57	A	6	YNL241C
57	A	7	YNL239W
57	A	8	YNL236W
57	A	9	YNL235C
57	A	10	YNL230C
57	A	11	YNL228W
57	A	12	YNL218W
57	B	1	YNL198C
57	B	2	YNL170W
57	B	3	YNL171C
57	B	4	YNL169C
57	B	5	YNL166C
57	B	6	YNL165W
57	B	7	YNL156C
57	B	8	YNL155W
57	B	9	YKL197C
57	B	10	wild-type
57	B	11	YKL212W
57	B	12	YKL213C
57	C	1	YKR055W
57	C	2	YDR284C
57	C	3	YDR290W
57	C	4	YDR294C
57	C	5	YDR310C
57	C	6	YDR312W
57	C	7	YDR313C
57	C	8	wild-type
57	C	9	YDR333C
57	C	10	YIL014W
57	C	11	YIL023C
57	C	12	wild-type
57	D	1	YIL076W
57	D	2	wild-type
57	D	3	YIL077C
57	D	4	YIL079C
57	D	5	wild-type
57	D	6	YIL086C
57	D	7	YIL087C
57	D	8	YIL090W
57	D	9	YIL093C
57	D	10	YIL095W
57	D	11	YIL096C
57	D	12	YIL006W
57	E	1	wild-type
57	E	2	YIL007C
57	E	3	YIL008W
57	E	4	YIL010W
57	E	5	YIL015C-A
57	E	6	YIL042C
57	E	7	YIL047C
57	E	8	YIL054W
57	E	9	blank
57	E	10	YIL059C
57	E	11	YIL067C
57	E	12	YIL070C
57	F	1	YIL071C
57	F	2	YIL074C
57	F	3	wild-type
57	F	4	YIL089W
57	F	5	YIL092W
57	F	6	YFL006W
57	F	7	wild-type
57	F	8	YFL015C
57	F	9	YFL020C
57	F	10	YFL021W
57	F	11	YFL025C
57	F	12	YFL027C
57	G	1	YFL028C
57	G	2	YFL030W
57	G	3	YFL032W
57	G	4	YFL035C-B
57	G	5	YFL040W
57	G	6	YFL041W
57	G	7	YFL043C
57	G	8	YFL044C
57	G	9	YFL046W
57	G	10	YFL047W
57	G	11	wild-type
57	G	12	YFL048C
57	H	1	YFL052W
57	H	2	blank
57	H	3	YFL053W
57	H	4	YFL054C
57	H	5	YFL055W
57	H	6	wild-type
57	H	7	YFL056C
57	H	8	YFR006W
57	H	9	wild-type
57	H	10	YFR007W
57	H	11	YFR014C
57	H	12	YFR015C
58	A	1	YFR016C
58	A	2	YFR017C
58	A	3	YFR018C
58	A	4	wild-type
58	A	5	YFR020W
58	A	6	YFR021W
58	A	7	YGR256W
58	A	8	YGR259C
58	A	9	YGR260W
58	A	10	YGR261C
58	A	11	YGR263C
58	A	12	YGR266W
58	B	1	YPR042C
58	B	2	YPR044C
58	B	3	YPR046W
58	B	4	YPR051W
58	B	5	YPR052C
58	B	6	YPR058W
58	B	7	YPR087W
58	B	8	YJL047C
58	B	9	YHR067W
58	B	10	wild-type
58	B	11	YJR082C
58	B	12	YJR088C
58	C	1	YJR102C
58	C	2	YJR129C
58	C	3	YJR130C
58	C	4	YKR088C
58	C	5	YKR090W
58	C	6	YKR105C
58	C	7	YLL018C-A
58	C	8	wild-type
58	C	9	YDR026C
58	C	10	YDR029W
58	C	11	YDR031W
58	C	12	wild-type
58	D	1	YDR032C
58	D	2	wild-type
58	D	3	YDR033W
58	D	4	YDR034C
58	D	5	wild-type
58	D	6	YDR035W
58	D	7	YDR036C
58	D	8	YDR042C
58	D	9	YDR046C
58	D	10	YAL064C-A
58	D	11	YBR269C
58	D	12	YBR271W
58	E	1	wild-type
58	E	2	YBR273C
58	E	3	YBR277C
58	E	4	YBR278W
58	E	5	YBR282W
58	E	6	YBR283C
58	E	7	YBR284W
58	E	8	YBR285W
58	E	9	YBR286W
58	E	10	blank
58	E	11	YBR290W
58	E	12	YBR291C
58	F	1	YBR292C
58	F	2	YBR295W
58	F	3	wild-type
58	F	4	YBR296C
58	F	5	YBR298C
58	F	6	YBR300C
58	F	7	wild-type
58	F	8	YCL001W-A
58	F	9	YCR024C-A
58	F	10	YCR025C
58	F	11	YCR026C
58	F	12	YCR027C
58	G	1	YCR028C
58	G	2	YCR031C
58	G	3	YCR034W
58	G	4	YCR036W
58	G	5	YCR037C
58	G	6	YCR043C
58	G	7	YCR049C
58	G	8	YCR050C
58	G	9	YCR051W
58	G	10	YCR059C
58	G	11	wild-type
58	G	12	YCR065W
58	H	1	YCR066W
58	H	2	blank
58	H	3	YCR068W
58	H	4	YCR071C
58	H	5	YCR073W-A
58	H	6	wild-type
58	H	7	YCR076C
58	H	8	YCR081W
58	H	9	wild-type
58	H	10	YCR082W
58	H	11	YCR086W
58	H	12	YCR087W
59	A	1	YJL007C
59	A	2	YJL017W
59	A	3	YJL029C
59	A	4	wild-type
59	A	5	YJR005W
59	A	6	YJR008W
59	A	7	YJR009C
59	A	8	YJL016W
59	A	9	YJL021C
59	A	10	blank
59	A	11	YJR050W
59	A	12	YJR063W
59	B	1	YDL114W
59	B	2	YDL116W
59	B	3	YDL117W
59	B	4	YDL182W
59	B	5	YDL186W
59	B	6	YIL112W
59	B	7	YIL113W
59	B	8	YIL132C
59	B	9	YIL133C
59	B	10	wild-type
59	B	11	YAL021C
59	B	12	YAL044W-A
59	C	1	YER016W
59	C	2	YER099C
59	C	3	YER186W-A
59	C	4	YLR342W-A
59	C	5	YBL091C-A
59	C	6	blank
59	C	7	YBR157C
59	C	8	wild-type
59	C	9	YBR201W
59	C	10	YCL061C
59	C	11	YDR318W
59	C	12	wild-type
59	D	1	YDR475C
59	D	2	wild-type
59	D	3	YER109C
59	D	4	YFL031W
59	D	5	wild-type
59	D	6	YFL042C
59	D	7	YGL186C
59	D	8	YOL164W
59	D	9	YBL080C
59	D	10	YLL039C
59	D	11	YML086C
59	D	12	blank
59	E	1	wild-type
59	E	2	blank
59	E	3	blank
59	E	4	blank
59	E	5	blank
59	E	6	blank
59	E	7	YCL044C
59	E	8	YCL045C
59	E	9	YOR187W
59	E	10	YOR201C
59	E	11	blank
59	E	12	YJL154C
59	F	1	YDR237W
59	F	2	YNL184C
59	F	3	wild-type
59	F	4	blank
59	F	5	YPR100W
59	F	6	YJL057C
59	F	7	wild-type
59	F	8	YLR191W
59	F	9	YKR103W
59	F	10	blank
59	F	11	blank
59	F	12	blank
59	G	1	blank
59	G	2	blank
59	G	3	blank
59	G	4	blank
59	G	5	blank
59	G	6	blank
59	G	7	blank
59	G	8	blank
59	G	9	blank
59	G	10	blank
59	G	11	wild-type
59	G	12	blank
59	H	1	blank
59	H	2	blank
59	H	3	blank
59	H	4	blank
59	H	5	blank
59	H	6	wild-type
59	H	7	blank
59	H	8	blank
59	H	9	wild-type
59	H	10	blank
59	H	11	blank
59	H	12	blank
